店名,住所,区名,評価,コメント数,保存数,営業時間,定休日,予算,個室有無,席数,駐車場有無
らぁ麺や 嶋,渋谷区本町3-41-12,渋谷区,3.99,1176,89843,[月〜金]9:30頃～16:00(売り切れ次第終了),[月〜金]9:30頃～16:00(売り切れ次第終了),"￥1,000～￥1,999",無,6席,無
宍道湖しじみ中華蕎麦 琥珀 東京本店,大田区西六郷2-1-3,大田区,3.98,1061,52943,［ 平日 ］11:30 〜 15:00 L.O,［ 平日 ］11:30 〜 15:00 L.O,"￥1,000～￥1,999",無,5席,無
むかん,中野区中央2-2-24 大江戸コーポ 1F,中野区,3.97,347,23558,営業時間やメニューは日によって変わりますのでX（旧Twitter）にて確認お願い致しますX（旧Twitter）から予約宜しくお願いいたします,営業時間やメニューは日によって変わりますのでX（旧Twitter）にて確認お願い致しますX（旧Twitter）から予約宜しくお願いいたします,"￥1,000～￥1,999",無,5席,無
Ramen FeeL（ラーメンフィール）,青梅市梅郷4-695-1,青梅市,3.96,642,37258,11:00～15:00 [土・日・祝]11:00～16:00,11:00～15:00 [土・日・祝]11:00～16:00,"￥1,000～￥1,999",有,21席,有
中華そば しば田,調布市若葉町2-25-20,調布市,3.95,2189,96200,［月火水金土］11:00～15:0017:30〜20:00［木曜日］11:00〜15:00,［月火水金土］11:00～15:0017:30〜20:00［木曜日］11:00〜15:00,"￥1,000～￥1,999",無,8席,無
Homemade Ramen 麦苗,品川区南大井6-11-10,品川区,3.95,1876,93772,11:00～15:30＊注＊午前9時頃からウェイティングボードが店頭に出ますので注意書きをよく確認の上、記名し、指定された集合時刻に戻ってくるシステムです。一人で複数人数分の席も取れます。,11:00～15:30＊注＊午前9時頃からウェイティングボードが店頭に出ますので注意書きをよく確認の上、記名し、指定された集合時刻に戻ってくるシステムです。一人で複数人数分の席も取れます。,"￥1,000～￥1,999",無,8席,無
ジャパニーズ ラーメン 五感（Japanese Ramen 五感）,豊島区東池袋2-57-2 コスモ東池袋 101,豊島区,3.95,490,34935,11:30～15:00,11:30～15:00,"￥1,000～￥1,999",無,8席,無
メヂカそば 吟魚,日野市石田2-9-1,日野市,3.94,327,7409,11:00～14:30(L.O.)※スープ売切れ次第閉店,11:00～14:30(L.O.)※スープ売切れ次第閉店,"￥1,000～￥1,999",有,6席,有
銀座 八五,中央区銀座3-14-2 第一はなぶさビル 1F,中央区,3.93,1733,149508,11:00～ 当日の並び順でのご案内※当日分のスープがなくなり次第受付を終了いたします。12:30～ ご予約者様のご案内,11:00～ 当日の並び順でのご案内※当日分のスープがなくなり次第受付を終了いたします。12:30～ ご予約者様のご案内,"￥1,000～￥1,999",無,6席,無
入鹿TOKYO 六本木（イルカトウキョウ）,港区六本木4-12-12 穂高ビル 1F,港区,3.93,1315,51145,[火～日]11:00～21:00(L.O.20:50),[火～日]11:00～21:00(L.O.20:50),"￥1,000～￥1,999",無,12席,無
麺処 しろくろ（SOBA-Shiro Kuro）,杉並区上高井戸1-1-7,杉並区,3.93,682,24928,,,～￥999,無,6席,無
麺屋 さくら井,武蔵野市西久保2-15-27,武蔵野市,3.92,1409,55917,[火・木・金]11:30～15:00[日]11:30～16:00[月・土]11:30～15:0018:00～20:30,[火・木・金]11:30～15:00[日]11:30～16:00[月・土]11:30～15:0018:00～20:30,～￥999,無,9席,無
入鹿TOKYO（IRUCA-Tokyo- 入鹿東京）,東久留米市本町1-4-28,東久留米市,3.92,473,21750,[月]　11:00～15:00＊店内営業[火～日]　11:00～15:00＊テイクアウトのみ,[月]　11:00～15:00＊店内営業[火～日]　11:00～15:00＊テイクアウトのみ,～￥999,無,8席,無
中華ソバ 伊吹,板橋区前野町4-58-10 見次パークマンション 1F,板橋区,3.91,1355,58019,[火～土]11:45～14:30（スープ終了次第閉店。約65杯）18:40～20:35（スープ終了次第閉店。約45杯)※提供杯数やスープ終了の情報、臨時休業等は随時ホームページに記載されますので、ご来店予定の方はぜひ事前にチェックする事をおすすめいたします。,[火～土]11:45～14:30（スープ終了次第閉店。約65杯）18:40～20:35（スープ終了次第閉店。約45杯)※提供杯数やスープ終了の情報、臨時休業等は随時ホームページに記載されますので、ご来店予定の方はぜひ事前にチェックする事をおすすめいたします。,～￥999,無,7席,無
成城青果,世田谷区南烏山3-1-11 芦花パークヒル 1F,世田谷区,3.91,1275,32372,"［月～金］ 11:00～15:00 17:00～25:00(L.O.24:45) ［土,日,祝］ 11:00～翌1:00(L.O.24:45)","［月～金］ 11:00～15:00 17:00～25:00(L.O.24:45) ［土,日,祝］ 11:00～翌1:00(L.O.24:45)",～￥999,無,6席,無
Ramen Break Beats（ラーメン ブレイク ビーツ）,目黒区目黒4-21-19 アイビーハイツ 1F,目黒区,3.91,743,54189,営業時間 11:30～15:30ご予約はTable Checkでお願い致します。,営業時間 11:30～15:30ご予約はTable Checkでお願い致します。,"￥1,000～￥1,999",無,8席,無
桜上水 船越,杉並区下高井戸1-21-10 1F,杉並区,3.91,589,19202,11:00～15:00(土・祝は16:30～20:00の変則営業の場合も有り),11:00～15:00(土・祝は16:30～20:00の変則営業の場合も有り),"￥1,000～￥1,999",無,8席,無
"三ん寅（SAN TORA	）",新宿区山吹町362 プレステージ362,新宿区,3.9,1581,58058,11:00～15:00(L.O) 17:30～20:00(L.O) (昼夜共に材料売り切れによる早目の終了あり),11:00～15:00(L.O) 17:30～20:00(L.O) (昼夜共に材料売り切れによる早目の終了あり),"￥1,000～￥1,999",無,15席,無
味噌っ子 ふっく,杉並区上荻2-40-11 四面道ビル 1F,杉並区,3.9,1280,49043,11:00～15:00 18:00～21:00 売り切れ次第終了,11:00～15:00 18:00～21:00 売り切れ次第終了,～￥999,無,8席,無
中華そば べんてん,練馬区旭町3-25-2,練馬区,3.9,1024,39648,11:00～14:30,11:00～14:30,"￥1,000～￥1,999",無,11席,無
タンタン,八王子市子安町1-30-6,八王子市,3.9,931,29757,[火～金]11:00～14:30,[火～金]11:00～14:30,～￥999,有,9席,有
麺屋吉左右（めんや きっそう）,江東区東陽1-11-3,江東区,3.89,1842,63366,11:30～15:00,11:30～15:00,"￥1,000～￥1,999",無,10席,無
一条流がんこ総本家分家四谷荒木町（【旧店名】一条流がんこラーメン総本家）,新宿区舟町4-1 メゾンド四谷 106,新宿区,3.89,860,48644,9:00～13:00（L.O.）,9:00～13:00（L.O.）,"￥1,000～￥1,999",無,7席,無
創作麺工房 鳴龍（NAKIRYU）,豊島区南大塚2-34-4 SKY南大塚 1F,豊島区,3.88,1797,93913,11:00～15:00,11:00～15:00,"￥1,000～￥1,999",無,12席,無
つけ麺 道,葛飾区亀有5-28-17,葛飾区,3.88,1677,57433,,,"￥1,000～￥1,999",無,8席,無
純手打ち だるま,杉並区和田1-18-3,杉並区,3.88,894,31273,11:30～15:00,11:30～15:00,"￥1,000～￥1,999",無,8席,無
饗 くろ喜（もてなし くろき/饗 くろ㐂）,台東区浅草橋1-28-9 ROJI ASAKUSABASHI 1F,台東区,3.88,236,10482,[月・水・木・金・土]11:00～15:00 [火]11:00～15:00 18:00～20:00,[月・水・木・金・土]11:00～15:00 [火]11:00～15:00 18:00～20:00,"￥1,000～￥1,999",無,13席,無
中華そば 多賀野,品川区中延2-15-10,品川区,3.87,1759,81307,11:30～14:30※スープが終わり次第終了【年末年始】2023年12月30日〜1月10日まで休み,11:30～14:30※スープが終わり次第終了【年末年始】2023年12月30日〜1月10日まで休み,～￥999,無,10席,無
柴崎亭 つつじヶ丘本店,調布市西つつじヶ丘3-25-52,調布市,3.87,1569,50673,[月～金]11:00～14:0017:00～22:00[土・日・祝]11:00～20:00,[月～金]11:00～14:0017:00～22:00[土・日・祝]11:00～20:00,"￥1,000～￥1,999",無,10席,無
中華そば 児ノ木,新宿区上落合1-5-3,新宿区,3.87,978,27014,11:00〜15:0017:30〜21:00その他、臨時休業等の情報はTwitterにて随時更新しております,11:00〜15:0017:30〜21:00その他、臨時休業等の情報はTwitterにて随時更新しております,"￥1,000～￥1,999",無,10席,無
自家製中華そば としおか,新宿区弁天町20,新宿区,3.87,907,47470,11:00～14:00,11:00～14:00,"￥1,000～￥1,999",無,8席,無
支那ソバ おさだ,板橋区大山金井町38-1,板橋区,3.87,654,17488,[火・木・金]11:00～14:3018:00～20:00[月・日]11:00～16:00,[火・木・金]11:00～14:3018:00～20:00[月・日]11:00～16:00,"￥1,000～￥1,999",無,13席,無
Tokyo Style Noodle ほたて日和（トウキョウスタイルヌードル）,千代田区神田佐久間町2-25,千代田区,3.87,480,34879,[月・火・木・金]11:00～14:4017:30～19:50[土・日・祝]11:00～15:2016:50～18:30,[月・火・木・金]11:00～14:4017:30～19:50[土・日・祝]11:00～15:2016:50～18:30,"￥1,000～￥1,999",無,8席,無
麺屋一燈（いっとう）,葛飾区東新小岩1-4-17,葛飾区,3.86,3392,119698,【月～日】11:00～15:00／18:00～21:00,【月～日】11:00～15:00／18:00～21:00,"￥1,000～￥1,999",無,11席,無
MENSHO,文京区音羽1-17-16 中銀音羽マンシオン１F,文京区,3.86,1201,50942,11:00～21:00 (L.O 20:40)年末年始は以下の営業時間です12/28:通常営業12/29〜1/3 お休み1/4〜 通常営業,11:00～21:00 (L.O 20:40)年末年始は以下の営業時間です12/28:通常営業12/29〜1/3 お休み1/4〜 通常営業,"￥1,000～￥1,999",無,11席,無
燦燦斗（さんさんと）,北区中十条3-16-15,北区,3.86,955,37641,18:00～20:30,18:00～20:30,～￥999,無,7席,無
中華そば 西川,世田谷区砧2-15-10 メゾンドオーポン 1F,世田谷区,3.86,830,33041,11:00～14:30,11:00～14:30,"￥1,000～￥1,999",無,8席,無
手打麺祭 かめ囲,調布市菊野台1-55-1 コーポえびすい 1F,調布市,3.86,738,24498,[月・木～日]11:00～14:3018:00～20:00[火]11:00～14:30,[月・木～日]11:00～14:3018:00～20:00[火]11:00～14:30,"￥1,000～￥1,999",無,10席,無
中華蕎麦 ひら井,府中市栄町2-11-7,府中市,3.86,699,25243,[月～金]11:00〜15:00[土日]11:00〜17:00売り切れ早仕舞いあり。,[月～金]11:00〜15:00[土日]11:00〜17:00売り切れ早仕舞いあり。,"￥1,000～￥1,999",無,9席,無
らぁめん 山と樹（らぁめんやまとき）,杉並区高円寺南5-21-7 高円寺マンション 107,杉並区,3.85,969,34794,11:30～16:00,11:30～16:00,～￥999,無,8席,無
中華蕎麦 蘭鋳,杉並区堀ノ内2-13-13,杉並区,3.85,873,35166,12：00～14：00※材料切れの場合早期終了,12：00～14：00※材料切れの場合早期終了,～￥999,無,8席,無
麺笑 巧真（TAKUMA）,八王子市明神町4-12-2,八王子市,3.85,709,17498,[月～金]11:00～14:3018:00～22:00[土・日・祝]11:00～16:00,[月～金]11:00～14:3018:00～22:00[土・日・祝]11:00～16:00,～￥999,無,12席,無
there is ramen（ゼアー イズ ラーメン）,杉並区天沼3-10-16,杉並区,3.85,706,16498,平日11時-16時 18時-21時30分土日祝11時-21時30分(通し営業),平日11時-16時 18時-21時30分土日祝11時-21時30分(通し営業),"￥1,000～￥1,999",無,7席,無
ラーメン屋 トイ・ボックス,荒川区 東日暮里1-1-3 1階,荒川区,3.84,2042,70934,［火曜〜金曜］11:00～15:00 18:00〜21:00［土日祝日］11:00〜15:00（材料切れにより早仕舞いの場合があります）※毎月第二火曜定休,［火曜〜金曜］11:00～15:00 18:00〜21:00［土日祝日］11:00〜15:00（材料切れにより早仕舞いの場合があります）※毎月第二火曜定休,"￥1,000～￥1,999",無,8席,無
ほっこり中華そば もつけ,八王子市万町34-1,八王子市,3.84,1159,37132,10:40～15:00,10:40～15:00,"￥1,000～￥1,999",無,6席,無
Japanese Soba Noodles 蔦,渋谷区西原3-2-4 フロンティア代々木上原 B1F,渋谷区,3.84,1049,45270,11:00〜15:00毎週火曜・毎月第三水曜 定休,11:00〜15:00毎週火曜・毎月第三水曜 定休,"￥3,000～￥3,999",無,23席,無
麺や金時（Golden time）,練馬区小竹町1-2-7,練馬区,3.84,927,49163,(ランチ)11:00～14:15（L.O）※14:15分前にオーダーストップする場合がございます。※基本的に営業中は電話に出れませんのでご了承下さい。(ディナー)18:00～19:45（L.O）※平日は19時30分前に材料が終了する事が多いです。※祭日の夜の営業は19時くらいで材料が終了する事がございます。営業中電話に出れませんのでご了承下さい,(ランチ)11:00～14:15（L.O）※14:15分前にオーダーストップする場合がございます。※基本的に営業中は電話に出れませんのでご了承下さい。(ディナー)18:00～19:45（L.O）※平日は19時30分前に材料が終了する事が多いです。※祭日の夜の営業は19時くらいで材料が終了する事がございます。営業中電話に出れませんのでご了承下さい,"￥1,000～￥1,999",無,7席,無
中華そば 和渦 TOKYO,品川区北品川3-2-1 MTM STUDIO 2F,品川区,3.83,1407,46385,[月～土]11:00～14:3018:00～20:30(売り切れ次第終了),[月～土]11:00～14:3018:00～20:30(売り切れ次第終了),"￥1,000～￥1,999",無,19席,無
らーめんMAIKAGURA,世田谷区船橋1-38-4,世田谷区,3.83,1125,38227,11:30〜15:00 / 18:00〜20:00（但し、食材切れの際は営業を終了させていただく場合がございます。）,11:30〜15:00 / 18:00〜20:00（但し、食材切れの際は営業を終了させていただく場合がございます。）,"￥1,000～￥1,999",無,9席,無
あさひ町内会,板橋区板橋3-5-1 リビオタワー板橋 1F,板橋区,3.83,935,27546,11:00～15:0017:00～20:30(L.O.),11:00～15:0017:00～20:30(L.O.),～￥999,無,16席,無
寿製麺 よしかわ 西台駅前店,板橋区蓮根3-8-14,板橋区,3.83,913,22954,[月～土]11時〜21時(L.O.20:30)[日・祝祭日]11時～２０時（LO19：30）,[月～土]11時〜21時(L.O.20:30)[日・祝祭日]11時～２０時（LO19：30）,～￥999,無,8席,無
らぁめん 葉月（らぁめん はづき）,大田区雪谷大塚町11-8,大田区,3.83,908,28964,[水～土]11:30～14:0018:00～20:30[日・祝]11:30～15:00売り切れ次第終了,[水～土]11:30～14:0018:00～20:30[日・祝]11:30～15:00売り切れ次第終了,"￥1,000～￥1,999",無,10席,無
長男、ほそのたかし,練馬区旭丘1-68-12 第4正道江古田ビル 1F,練馬区,3.83,482,10437,平日の月曜日は『牛骨旨辛つけ麺』のみでの営業です！！平日11:00～14:50(L.O)17:30〜21:00(L.O)※土、日、祝日は中休みなしの通し営業となります。11:00-20:00(L.O),平日の月曜日は『牛骨旨辛つけ麺』のみでの営業です！！平日11:00～14:50(L.O)17:30〜21:00(L.O)※土、日、祝日は中休みなしの通し営業となります。11:00-20:00(L.O),"￥1,000～￥1,999",無,8席,無
SOBA HOUSE 金色不如帰 新宿御苑本店（コンジキホトトギス）,新宿区新宿2-4-1 第22宮廷マンション 1F,新宿区,3.82,2227,101555,[月～金] 11:00～15:0018:30～21:00※材料終了次第閉店,[月～金] 11:00～15:0018:30～21:00※材料終了次第閉店,～￥999,無,10席,無
カネキッチン ヌードル（KaneKitchen Noodles）,豊島区南長崎5-26-15 マチテラス南長崎 2F,豊島区,3.82,1184,38395,[木～火] 11:30～14:50(LO) 18:00～20:45(LO)21:00完全閉店水曜日定休日　定休日特別営業あり限定麺、営業情報は公式Twitter@freedam99999で確認ください※麺、スープなくなり次第閉店となります。,[木～火] 11:30～14:50(LO) 18:00～20:45(LO)21:00完全閉店水曜日定休日　定休日特別営業あり限定麺、営業情報は公式Twitter@freedam99999で確認ください※麺、スープなくなり次第閉店となります。,～￥999,無,11席,無
神名備（かむなび）,文京区千駄木4-21-3,文京区,3.82,1065,42135,[水～金]11:45～14:00(無くなり次第終了)[土・日]12:00～14:0018:00～20:00(無くなり次第終了),[水～金]11:45～14:00(無くなり次第終了)[土・日]12:00～14:0018:00～20:00(無くなり次第終了),"￥1,000～￥1,999",無,13席,無
麺創庵 砂田,豊島区巣鴨4-24-6 富士ビル,豊島区,3.82,912,34899,・平日（水曜日は朝昼のみ）　朝昼の部　9時〜14時（LO13時半）　夜の部　18時〜20時半（LO20時）・土日祝　朝昼の部　9時〜15時半（LO15時）,・平日（水曜日は朝昼のみ）　朝昼の部　9時〜14時（LO13時半）　夜の部　18時〜20時半（LO20時）・土日祝　朝昼の部　9時〜15時半（LO15時）,"￥1,000～￥1,999",無,7席,無
中洲屋台長浜ラーメン初代 健太 東京高円寺本店（【旧店名】中洲屋台 健太）,中野区大和町1-66-6,中野区,3.82,739,39693,12:00～15:00,12:00～15:00,～￥999,無,9席,無
中華ソバ ちゃるめ,大田区萩中2-1-4 丸栄ビルEAST 1F,大田区,3.82,685,17076,[火～金］11:00～15:00 18:00～21:00(売切れ仕舞い)[土・日・祝]11:00～15:00(売切れ仕舞い),[火～金］11:00～15:00 18:00～21:00(売切れ仕舞い)[土・日・祝]11:00～15:00(売切れ仕舞い),～￥999,無,8席,無
らーめん亭 ひなり竜王,大田区大森中2-14-17,大田区,3.82,467,11453,11:00～14:30 18:00～20:30(売り切れ時閉店),11:00～14:30 18:00～20:30(売り切れ時閉店),"￥1,000～￥1,999",無,8席,無
手打ち 蓮,墨田区千歳3-16-2,墨田区,3.82,345,13399,手打ち麺無くなり次第営業終了！[火・水・木・土]11:30～14:30 LO18:00～20:00 LO[日・祝］11:30～14:30 LO,手打ち麺無くなり次第営業終了！[火・水・木・土]11:30～14:30 LO18:00～20:00 LO[日・祝］11:30～14:30 LO,"￥1,000～￥1,999",無,7席,無
つけめん金龍,千代田区神田司町2-15-16 サトウビル 1F,千代田区,3.81,1642,51225,昼の部 11：00〜15：00夜の部 17：00〜20：30ラストオーダー※20:30までに列に並んでいただければ最後までご提供出来ます,昼の部 11：00〜15：00夜の部 17：00〜20：30ラストオーダー※20:30までに列に並んでいただければ最後までご提供出来ます,"￥1,000～￥1,999",無,7席,無
大島,江戸川区船堀6-7-13,江戸川区,3.81,1420,59897,[火～土] 11:00～15:00、17:00～20:30(LO)[日・祝] 11:00～16:00、17:00～20:00※いずれもスープ無くなり次第終了,[火～土] 11:00～15:00、17:00～20:30(LO)[日・祝] 11:00～16:00、17:00～20:00※いずれもスープ無くなり次第終了,～￥999,無,16席,無
キング製麺,北区王子本町1-14-1 高崎ビル 1F,北区,3.81,1349,43472,昼の部 11:00～15:00夜の部 17:30〜20:30,昼の部 11:00～15:00夜の部 17:30〜20:30,"￥1,000～￥1,999",無,10席,無
Ramen にじゅうぶんのいち（Ramen 1/20）,荒川区東尾久2-19-10,荒川区,3.81,888,25624,【火・水・金】11:30～14:30【土・日】11:30〜15:00※売り切れ次第閉店,【火・水・金】11:30～14:30【土・日】11:30〜15:00※売り切れ次第閉店,"￥1,000～￥1,999",無,8席,無
一番いちばん（いちばんいちばん）,町田市中町1-28-24 大成ビル　１Ｆ,町田市,3.81,831,28906,[木～火]12:00～14:3018:00～20:00（材料無くなり次第終了）,[木～火]12:00～14:3018:00～20:00（材料無くなり次第終了）,"￥1,000～￥1,999",無,12席,無
西永福の煮干箱,杉並区永福3-55-3,杉並区,3.81,557,12844,[月～土]11:30～15:0018:00～21:00[日]11:30～15:00,[月～土]11:30～15:0018:00～21:00[日]11:30～15:00,"￥1,000～￥1,999",無,8席,無
らぁめん小池,世田谷区上北沢4-19-18 上北沢ハイネスコーポ1F,世田谷区,3.8,1446,45251,[平日]11:00〜14:30 / 18:00〜21:00[土日祝]11:00〜15:00 / 18:00〜21:00,[平日]11:00〜14:30 / 18:00〜21:00[土日祝]11:00〜15:00 / 18:00〜21:00,"￥1,000～￥1,999",無,11席,無
つけ麺 和 東京本店（カズ）,足立区西竹ノ塚1-12-9 共栄ビル 1F,足立区,3.8,422,15010,,,"￥1,000～￥1,999",無,13席,無
麺 ふじさき,江東区亀戸2-8-11 アドリーム亀戸 1F,江東区,3.8,327,10911,[月]11:30～14:15(L.O.14:00)[水～日]11:30～14:15(L.O.14:00)18:00～20:30(L.O.20:15),[月]11:30～14:15(L.O.14:00)[水～日]11:30～14:15(L.O.14:00)18:00～20:30(L.O.20:15),"￥1,000～￥1,999",無,11席,無
青島食堂 秋葉原店,千代田区神田佐久間町3-20-1,千代田区,3.79,2443,89396,11:00～17:00※食材なくなり次第　営業終了する場合があります。,11:00～17:00※食材なくなり次第　営業終了する場合があります。,～￥999,無,9席,無
中華蕎麦にし乃,文京区本郷3-30-7 熊野ビル B101,文京区,3.79,2184,75986,昼の部 11:00〜15:00/夜の部 18:00〜21:00,昼の部 11:00〜15:00/夜の部 18:00〜21:00,"￥1,000～￥1,999",無,10席,無
こうかいぼう,江東区深川2-13-10 ニックハイム深川 1F,江東区,3.79,2104,65725,[月・火・木・金]11:00～15:0017:30～19:00 なくなり次第終了[土・祝]11:00～15:00,[月・火・木・金]11:00～15:0017:30～19:00 なくなり次第終了[土・祝]11:00～15:00,～￥999,無,15席,無
煮干鰮らーめん 圓 八王子本店（エン）,八王子市横山町21-21,八王子市,3.79,2045,48000,11:00～24:00,11:00～24:00,"￥1,000～￥1,999",無,7席,無
麺処 晴（HARU）,台東区下谷1-11-7,台東区,3.79,1758,51628,[月～金]11:00～15:0018:00～21:00[土・日・祝]11:00～17:00,[月～金]11:00～15:0018:00～21:00[土・日・祝]11:00～17:00,～￥999,無,7席,無
らぁ麺やまぐち,新宿区西早稲田3-13-4 1F,新宿区,3.79,1743,72481,全日      11:00～21:30(LO 21:30),全日      11:00～21:30(LO 21:30),"￥1,000～￥1,999",無,14席,無
田中商店 本店（たなかしょうてん）,足立区一ツ家2-14-6,足立区,3.79,1628,49624,18:00～翌4:00,18:00～翌4:00,～￥999,有,36席,有
竹末東京Premium,墨田区業平5-14-7 フラーリシ押上 1F,墨田区,3.79,1538,61990,11:30～15:0018:00～21:00【火曜日は不定休です。ご来店の際はTwitterをご確認下さい。】,11:30～15:0018:00～21:00【火曜日は不定休です。ご来店の際はTwitterをご確認下さい。】,"￥1,000～￥1,999",無,11席,無
麺処 びぎ屋,目黒区鷹番2-4-9,目黒区,3.79,1387,49526,[月～日] 11:30～14:45　18:00～21:00※変則的なため公式SNSよりご確認ください,[月～日] 11:30～14:45　18:00～21:00※変則的なため公式SNSよりご確認ください,"￥1,000～￥1,999",無,11席,無
町田汁場 しおらーめん進化 本店（町田汁場）,町田市森野3-18-17 ウイング森野 1F,町田市,3.79,1364,48041,［月～土］11:00～15:00／18:00〜21:00［日・祝］11:00～17:00　※売り切れ早仕舞いあり,［月～土］11:00～15:00／18:00〜21:00［日・祝］11:00～17:00　※売り切れ早仕舞いあり,"￥1,000～￥1,999",有,18席,有
かしわぎ,中野区東中野1-36-7,中野区,3.79,1281,41374,[水～土] 11:30～15:00 18:00～22:00[月・日] 11:30～15:00,[水～土] 11:30～15:00 18:00～22:00[月・日] 11:30～15:00,～￥999,無,9席,無
メンドコロ キナリ（メンドコロ kinari）,中野区東中野1-51-4 大総ビル 1F,中野区,3.79,1225,39477,【木～火】11:30～14:30(L.O.)18:00～21:00(L.O.20:30),【木～火】11:30～14:30(L.O.)18:00～21:00(L.O.20:30),～￥999,無,11席,無
煮干そば 流。（ル）,北区上十条1-13-2,北区,3.79,1211,30518,[月・水・木・金]11:00～15:0017:00～21:00[土・日]11:00～21:00,[月・水・木・金]11:00～15:0017:00～21:00[土・日]11:00～21:00,～￥999,無,7席,無
支那そば たんたん亭,杉並区浜田山3-31-4,杉並区,3.79,1158,33363,11:00～20:30(完売次第閉店),11:00～20:30(完売次第閉店),"￥1,000～￥1,999",無,9席,無
ラーメン 健やか,武蔵野市中町1-28-1 矢島ビル 102,武蔵野市,3.79,1107,35983,11:00～15:0018:00～21:00,11:00～15:0018:00～21:00,～￥999,無,9席,無
中華そば屋 伊藤（いとう）,北区豊島4-5-3,北区,3.79,1067,37848,11:00～15:00※スープ切れの場合も営業終了。,11:00～15:00※スープ切れの場合も営業終了。,～￥999,無,12席,無
六厘舎,千代田区丸の内1-9-1 東京駅一番街 B1F 東京ラーメンストリート内,千代田区,3.78,5133,90073,7:30～10:00(L.O.9:30)※朝つけめん類のみの販売10:00～23:00(L.O.22:30)※通常メニューは10:00からとなっております。,7:30～10:00(L.O.9:30)※朝つけめん類のみの販売10:00～23:00(L.O.22:30)※通常メニューは10:00からとなっております。,～￥999,有,26席,有
風雲児 新宿本店（ふううんじ）,渋谷区代々木2-14-3 北斗第一ビルB1F,渋谷区,3.78,3688,105862,営業時間・休業営業時間・休業日は変更となる場合がございますので、HPにて最新情報をご確認ください,営業時間・休業営業時間・休業日は変更となる場合がございますので、HPにて最新情報をご確認ください,～￥999,無,15席,無
つけ麺 五ノ神製作所,渋谷区千駄ヶ谷5-33-16 シャトレー新宿御苑第一 1F,渋谷区,3.78,3301,108943,[月～日]11:00～21:30(L.O.21:00),[月～日]11:00～21:30(L.O.21:00),"￥1,000～￥1,999",無,14席,無
麺屋 翔 本店,新宿区西新宿7-22-34,新宿区,3.78,2855,90859,[月～金]11:00〜15:0018:00〜22:00[土日祝]11:00〜15:0017:00～21:00【土・日】11:00〜15:0017:00～21:00※スープ切れ次第閉店年末年始の営業のお知らせです。【本店】31日　　昼営業まで1日　　　お休み2日　　　お休み3日　　通常営業,[月～金]11:00〜15:0018:00〜22:00[土日祝]11:00〜15:0017:00～21:00【土・日】11:00〜15:0017:00～21:00※スープ切れ次第閉店年末年始の営業のお知らせです。【本店】31日　　昼営業まで1日　　　お休み2日　　　お休み3日　　通常営業,～￥999,無,18席,無
銀座 朧月（おぼろづき）,中央区銀座6-3-5 第一高橋ビル 1F,中央区,3.78,2850,89257,【月〜水・日・祝】11時～16時17時～22時【木〜土】11時～16時17時～23時※但しスープがなくなり次第終了,【月〜水・日・祝】11時～16時17時～22時【木〜土】11時～16時17時～23時※但しスープがなくなり次第終了,"￥1,000～￥1,999",無,7席,無
麺や 七彩（しちさい）,中央区八丁堀2-13-2,中央区,3.78,2721,79385,[月～金]11:00～15:0017:00～22:00[土・日・祝]11:00～15:0017:00～21:00,[月～金]11:00～15:0017:00～22:00[土・日・祝]11:00～15:0017:00～21:00,"￥1,000～￥1,999",無,13席,無
はやし,渋谷区道玄坂1-14-9 ソシアル道玄坂 1F,渋谷区,3.78,2468,89853,11:30～15:30(スープ無くなり次第閉店),11:30～15:30(スープ無くなり次第閉店),"￥1,000～￥1,999",無,10席,無
煮干しつけ麺 宮元（みやもと）,大田区西蒲田7-8-1 1F,大田区,3.78,1878,56979,11:00～15:00 17:30〜21:00,11:00～15:00 17:30〜21:00,"￥1,000～￥1,999",無,9席,無
らーめん飛粋（HIIKI）,大田区蒲田5-2-5,大田区,3.78,1787,55077,[月～土］11:00〜16:00 17:00〜21:00,[月～土］11:00〜16:00 17:00〜21:00,"￥1,000～￥1,999",無,8席,無
麺処 銀笹（ぎんざさ）,中央区銀座8-15-2 藤ビル 1F,中央区,3.78,1782,85497,[月～金]11:30～15:0017:30～22:00(スープがなくなり次第営業終了)[土]11:30～15:00,[月～金]11:30～15:0017:30～22:00(スープがなくなり次第営業終了)[土]11:30～15:00,"￥1,000～￥1,999",無,18席,無
ソラノイロ ARTISAN NOODLES（【旧店名】SORANOIRO 本店）,千代田区平河町1-3-10 ブルービル本館1B,千代田区,3.78,1763,55136,［月～金］11:00～15:30（L.O.）17:30〜20:30  (L.O.) ［祝日］11:00～14:30（L.O.）※スープ切れによる早仕舞い有※臨休は店頭カレンダー・SNS（Twitter）などで告知,［月～金］11:00～15:30（L.O.）17:30〜20:30  (L.O.) ［祝日］11:00～14:30（L.O.）※スープ切れによる早仕舞い有※臨休は店頭カレンダー・SNS（Twitter）などで告知,"￥1,000～￥1,999",無,13席,無
つけそば 神田 勝本,千代田区神田猿楽町1-2-4,千代田区,3.78,1754,62244,10:00～17:00※スープが無くなり次第、営業終了とさせていただきます。※月曜日は不定休となります。,10:00～17:00※スープが無くなり次第、営業終了とさせていただきます。※月曜日は不定休となります。,～￥999,無,13席,無
らーめん改,台東区蔵前4-20-10 宮内ビル 1F,台東区,3.78,1723,48957,11:00～15:00（L.O.）17:30～21:00（L.O.）,11:00～15:00（L.O.）17:30～21:00（L.O.）,"￥1,000～￥1,999",無,10席,無
はつね,杉並区西荻南3-11-9,杉並区,3.78,1304,52781,［火～土］11:00～16:00,［火～土］11:00～16:00,～￥999,無,5席,無
スパイス・ラー麺 卍力 西葛西店（マンリキ）,江戸川区西葛西3-16-5 スワームマンションⅡ 1F,江戸川区,3.78,1212,37606,[月・火・木・金]11:00～16:0017:30～21:00[土・日]11:00～21:00,[月・火・木・金]11:00～16:0017:30～21:00[土・日]11:00～21:00,～￥999,無,12席,無
RAMEN CiQUE（ラーメン チキュウ）,杉並区阿佐谷南3-10-8,杉並区,3.78,1097,33953,[火]18:30～20:00[水～日]12:00～15:0018:30～20:00,[火]18:30～20:00[水～日]12:00～15:0018:30～20:00,～￥999,無,6席,無
ラーメン巌哲（ラーメン ガンテツ）,新宿区西早稲田1-10-4,新宿区,3.78,1015,44772,[月～土］11:30～14:30 18:00～21:00,[月～土］11:30～14:30 18:00～21:00,"￥1,000～￥1,999",無,10席,無
ラーメン二郎 ひばりヶ丘駅前店（らーめんじろう）,西東京市谷戸町3-27-24 ひばりがおかプラザ　１Ｆ,西東京市,3.78,1006,18053,［月・火・木・金］11:30～14:3018:00～21:00［水］11:30～14:30［土］11:00～17:00,［月・火・木・金］11:30～14:3018:00～21:00［水］11:30～14:30［土］11:00～17:00,～￥999,無,12席,無
麺屋鈴春,文京区本郷2-26-1 福重ビル 1F,文京区,3.78,880,35281,［月・火・水］11:00～15:0018:00～20:30(L.O.）（材料切れ次第終了）［木］11:00〜15:00（材料切れ次第終了）［金・土・祝日］11:00〜16:00（材料切れ次第終了）金曜日はブタジマとしての営業となりブタジマ専用メニューのみになる（祝日の場合は【麺屋鈴春】営業です）,［月・火・水］11:00～15:0018:00～20:30(L.O.）（材料切れ次第終了）［木］11:00〜15:00（材料切れ次第終了）［金・土・祝日］11:00〜16:00（材料切れ次第終了）金曜日はブタジマとしての営業となりブタジマ専用メニューのみになる（祝日の場合は【麺屋鈴春】営業です）,"￥1,000～￥1,999",無,11席,無
函館塩ラーメン 五稜郭（ゴリョウカク）,杉並区天沼3-28-7,杉並区,3.78,850,35257,11:30～16:00（完売次第閉店）,11:30～16:00（完売次第閉店）,～￥999,無,6席,無
鴨出汁中華蕎麦 麺屋yoshiki,葛飾区東新小岩1-3-7,葛飾区,3.78,792,28253,【日～土】昼10:00～14:00夜18:00～20:00(臨時休業、臨時営業等、ＳＮＳご確認下さい。),【日～土】昼10:00～14:00夜18:00～20:00(臨時休業、臨時営業等、ＳＮＳご確認下さい。),"￥1,000～￥1,999",無,6席,無
らぁめん ご恩,中野区大和町1-13-7,中野区,3.78,303,10027,11:00～15:00※スープ売り切れ次第終了,11:00～15:00※スープ売り切れ次第終了,"￥1,000～￥1,999",無,8席,無
むぎとオリーブ 銀座本店,中央区銀座6-12-12 銀座ステラビル 1F,中央区,3.77,3459,115605,[月・火・木・金・土・日]11:00～15:30(L.O.)17:30～21:30(L.O.),[月・火・木・金・土・日]11:00～15:30(L.O.)17:30～21:30(L.O.),"￥1,000～￥1,999",無,15席,無
中華麺店 喜楽,渋谷区道玄坂2-17-6,渋谷区,3.77,3342,101677,11:30～20:30,11:30～20:30,～￥999,無,27席,無
麺屋ひょっとこ 交通会館店,千代田区有楽町2-10-1 東京交通会館 B1F,千代田区,3.77,3327,84862,[月～金]11:00～20:00[土・祝]11:00～19:00,[月～金]11:00～20:00[土・祝]11:00～19:00,～￥999,無,7席,無
新橋 纏（まとい）,港区新橋3-13-2 IKENO-5 1F,港区,3.77,2675,72150,11:00～15:0017:30～22:20[土]11:00～15:0017:30～21:20[日]11:00～15:0017:30～20:20,11:00～15:0017:30～22:20[土]11:00～15:0017:30～21:20[日]11:00～15:0017:30～20:20,～￥999,無,9席,無
ラーメン二郎 三田本店（らーめんじろう）,港区三田2-16-4,港区,3.77,2198,37508,[月〜土]8:30～15:0017:00～20:00,[月〜土]8:30～15:0017:00～20:00,～￥999,無,13席,無
麺処 ほん田 秋葉原本店,千代田区神田花岡町1-19,千代田区,3.77,2002,72303,[火・木・金・土・日]11:30～15:0018:00～21:30[月]11:30～15:00,[火・木・金・土・日]11:30～15:0018:00～21:30[月]11:30～15:00,"￥1,000～￥1,999",無,18席,無
麺屋 Hulu-lu（フルル）,豊島区池袋2-60-7,豊島区,3.77,1648,64715,[水～土・月]11:30～15:0018:00〜21:00[日・祝]11:30～15:30毎週金曜日は「つけ麺」のみ。,[水～土・月]11:30～15:0018:00〜21:00[日・祝]11:30～15:30毎週金曜日は「つけ麺」のみ。,～￥999,無,11席,無
八雲,目黒区東山3-6-15 エビヤビル 1F,目黒区,3.77,1602,67237,11:30～15:30,11:30～15:30,"￥1,000～￥1,999",無,11席,無
ラーメン大至（だいし）,文京区湯島2-1-2 佐藤ビル 1F,文京区,3.77,1490,46419,［月～金］11:00～15:0017:00～20:45(L.O.)［土］11:00～15:00,［月～金］11:00～15:0017:00～20:45(L.O.)［土］11:00～15:00,～￥999,無,12席,無
純手打ち 麺と未来,世田谷区北沢3-25-1 シャトルヒエイ1F,世田谷区,3.77,1180,54557,[月、火、水、木、金] 11:30〜14:30 17:30～21:00(L.O 20:45)[土日祝日]11:30〜17:00(売り切れ次第終了),[月、火、水、木、金] 11:30〜14:30 17:30～21:00(L.O 20:45)[土日祝日]11:30〜17:00(売り切れ次第終了),～￥999,無,7席,無
味噌麺処 花道庵（【旧店名】味噌麺処 花道）,中野区野方6-23-12,中野区,3.77,1160,43747,9:30～22:45(L.O.),9:30～22:45(L.O.),～￥999,無,14席,無
中華ソバ ビリケン（Homemade Noodles BILLIKEN）,台東区雷門2-4-1 岡安ビル 1F,台東区,3.77,1070,31117,11:00～15:00(L.O) 17:30〜21:00,11:00～15:00(L.O) 17:30〜21:00,～￥999,無,11席,無
RAMEN GOTTSU（らーめん ごっつ）,練馬区練馬1-29-16,練馬区,3.77,991,34574,[火～金]11:00～14:0018:00～20:00[土・日・祝]11:00～15:00,[火～金]11:00～14:0018:00～20:00[土・日・祝]11:00～15:00,"￥1,000～￥1,999",無,8席,無
鶏こく中華 すず喜（トリコクチュウカ スズキ）,三鷹市下連雀3-28-21 公団三鷹駅前第2アパートB 1,三鷹市,3.77,977,35587,[火～日]11:00～15:00(売り切れ次第終了),[火～日]11:00～15:00(売り切れ次第終了),～￥999,無,10席,無
鶏そば  ムタヒロ 2号店,国分寺市本町2-3-6 タリホービル 1Ｆ右,国分寺市,3.77,918,25079,【昼】 11:30～15:00(L.O)【夜】 18:00～23:00(L.O)   日曜日は21:00閉店,【昼】 11:30～15:00(L.O)【夜】 18:00～23:00(L.O)   日曜日は21:00閉店,～￥999,無,10席,無
食堂七彩（ショクドウシチサイ）,中野区鷺宮3-1-12,中野区,3.77,704,23620,[月～日・祝]11:30～15:0018:00～22:00,[月～日・祝]11:30～15:0018:00～22:00,～￥999,無,10席,無
クラム＆ボニート 貝節麺ライク（CLAM＆BONITO 貝節麺raik）,杉並区方南2-21-21,杉並区,3.77,643,21257,[月]11:30～15:0018:00～21:00[火～金]11:30～15:00 18:00～22:00 [土]11:00～15:0018:00～22:00[日・祝]11:00～15:00 18:00～21:00,[月]11:30～15:0018:00～21:00[火～金]11:30～15:00 18:00～22:00 [土]11:00～15:0018:00～22:00[日・祝]11:00～15:00 18:00～21:00,～￥999,無,10席,無
濃厚ラーメン かなや,杉並区堀ノ内1-3-13 ライオンズプラザ方南町 1-D,杉並区,3.77,452,16571,[火～土]11:30～15:00(L.O.14:45)18:00～21:00(L.O.20:30)[日]11:30～15:00(L.O.14:45)※各日材料が無くなり次第営業終了,[火～土]11:30～15:00(L.O.14:45)18:00～21:00(L.O.20:30)[日]11:30～15:00(L.O.14:45)※各日材料が無くなり次第営業終了,～￥999,無,11席,無
麺屋海神 新宿店（めんやかいじん）,新宿区新宿3-35-7 さんらくビル　２Ｆ,新宿区,3.76,3042,83036,[月～金]11:00～15:0016:30～23:30[土・祝]11:00～23:30[日・連休最終日]11:00～23:00,[月～金]11:00～15:0016:30～23:30[土・祝]11:00～23:30[日・連休最終日]11:00～23:00,～￥999,無,16席,無
四川担担麺 阿吽 湯島本店,文京区湯島3-25-11,文京区,3.76,2165,66633,［月～金］昼 11：00～14：30、夜 17：30～21：00［土］昼 11：00～15：00、夜 17：30～21：00［日、祝日］昼 11：00～15：00、夜 17：30～20：30※材料なくなり次第閉店※感染防止対策を講じ、引き続き営業時間を変更して、営業しております。(上記、変更の場合、HP等にてご案内いたします),［月～金］昼 11：00～14：30、夜 17：30～21：00［土］昼 11：00～15：00、夜 17：30～21：00［日、祝日］昼 11：00～15：00、夜 17：30～20：30※材料なくなり次第閉店※感染防止対策を講じ、引き続き営業時間を変更して、営業しております。(上記、変更の場合、HP等にてご案内いたします),～￥999,無,17席,無
中華そば 勝本（カツモト）,千代田区神田三崎町2-15-5 三崎町SSビル 1F,千代田区,3.76,1868,59719,11:00~22:00（L.O.21:45）月曜のみ11:00～21:00（L.O.20:45）※スープが無くなり次第、営業終了とさせていただきます。,11:00~22:00（L.O.21:45）月曜のみ11:00～21:00（L.O.20:45）※スープが無くなり次第、営業終了とさせていただきます。,～￥999,無,17席,無
中華そば 満鶏軒（チュウカソバ マンチーケン）,墨田区江東橋2-5-3,墨田区,3.76,1751,48235,11:00～21:00,11:00～21:00,"￥1,000～￥1,999",無,8席,無
自家製麺 伊藤,北区赤羽1-2-4,北区,3.76,1642,35036,[月～金]11:00～24:00[土]11:00～16:0017:00～23:00[日・祝]11:00～21:00,[月～金]11:00～24:00[土]11:00～16:0017:00～23:00[日・祝]11:00～21:00,～￥999,無,8席,無
麺屋 ねむ瑠,文京区本郷4-3-2,文京区,3.76,1338,34779,11:00～23:00(L.O.22:30),11:00～23:00(L.O.22:30),"￥1,000～￥1,999",無,12席,無
渡なべ,新宿区高田馬場2-1-4,新宿区,3.76,1321,39233,[月～日]11:00～20:00,[月～日]11:00～20:00,～￥999,無,8席,無
亀戸煮干中華蕎麦 つきひ（カメイドニボシチュウカソバツキヒ）,江東区亀戸5-13-2 スクエア三報104区画,江東区,3.76,866,27058,［月～金］11:30～14:3017:30～21:30［土・日・祝］11:00～15:0017:00～20:30,［月～金］11:30～14:3017:30～21:30［土・日・祝］11:00～15:0017:00～20:30,～￥999,無,7席,無
中華そば しながわ,豊島区西池袋4-19-14,豊島区,3.76,857,31004,,,～￥999,無,9席,無
麺屋 はし本,中野区新井1-25-4 中野ニューハウジング 1F,中野区,3.76,800,28646,11:30～18:00(売り切れ次第終了)[土・祝]11:30～15:00(売り切れ次第終了),11:30～18:00(売り切れ次第終了)[土・祝]11:30～15:00(売り切れ次第終了),～￥999,無,9席,無
陽はまたのぼる,足立区綾瀬2-1-4,足立区,3.76,680,23800,[月・木・金・土・日]11:30～14:3018:30～21:00,[月・木・金・土・日]11:30～14:3018:30～21:00,～￥999,無,7席,無
鴨中華そば 楓,八王子市明神町3-24-12 フィシオ京王八王子 1F,八王子市,3.76,432,9530,[月～金]11:30～14:3017:30～21:30(L.O.21:00)[土・日・祝]11:00～15:0017:30～21:30(L.O.21:00),[月～金]11:30～14:3017:30～21:30(L.O.21:00)[土・日・祝]11:00～15:0017:30～21:30(L.O.21:00),"￥1,000～￥1,999",無,18席,無
らーめん 鴨to葱,台東区上野6-4-15,台東区,3.75,2569,84905,10:00～22:30(スープが無くなり次第終了),10:00～22:30(スープが無くなり次第終了),"￥1,000～￥1,999",無,11席,無
おおぜき中華そば店,渋谷区恵比寿西1-9-4 小熊ビル 1Ｆ,渋谷区,3.75,1988,59875,[月～土]11:00～15:00 17:00～22:00[日・祝]11:00～14:00,[月～土]11:00～15:00 17:00～22:00[日・祝]11:00～14:00,～￥999,無,10席,無
春木屋 荻窪本店（はるきや）,杉並区上荻1-4-6,杉並区,3.75,1793,49283,11:00～21:00,11:00～21:00,～￥999,無,18席,無
麺巧 潮（うしお）,千代田区神田淡路町2-4-4 アール神田淡路町 B1F,千代田区,3.75,1567,46455,火〜金 11:00〜21:00土日月 11:00～19:00（スープなくなり次第終了）,火〜金 11:00〜21:00土日月 11:00～19:00（スープなくなり次第終了）,～￥999,無,13席,無
麺や 維新,品川区上大崎3-4-1 サンリオンビル １Ｆ,品川区,3.75,1312,43440,11:00〜15:0018:00〜21:30(L.O.21:10),11:00〜15:0018:00〜21:30(L.O.21:10),～￥999,無,12席,無
MENクライ（メンクライ）,港区芝1-3-4 山谷ビル 1F,港区,3.75,1192,37034,11:00～14:3018:00～20:30,11:00～14:3018:00～20:30,"￥1,000～￥1,999",無,11席,無
らぁ麺やまぐち 辣式 本店（らつしき）,江東区東陽4-6-3 栗林ビル1F,江東区,3.75,1136,32199,平日   　11:00～15:00 　17:00～22:00(LO 21:50)土日祝　11:00～22:00(LO 21:50),平日   　11:00～15:00 　17:00～22:00(LO 21:50)土日祝　11:00～22:00(LO 21:50),～￥999,無,11席,無
支那ソバ かづ屋,目黒区下目黒3-2-4,目黒区,3.75,1128,38937,11:00～21:00※売り切れで早く仕舞う事もあります,11:00～21:00※売り切れで早く仕舞う事もあります,"￥1,000～￥1,999",有,25席,有
大塚屋（【旧店名】麺処 くるり）,新宿区市谷田町3-2 TOUビル 1F,新宿区,3.75,1109,36829,[火～金]11:00～16:0018:00～21:00[土・日・祝]11:00～16:00,[火～金]11:00～16:0018:00～21:00[土・日・祝]11:00～16:00,～￥999,無,7席,無
ラーメン二郎 八王子野猿街道店 ２,八王子市堀之内2-13-16,八王子市,3.75,1004,16398,月　定休日(祝日も定休日になります)火〜金11:00〜15:00頃17:30〜21:00土11:00〜20:00頃通し営業日9:30~16:30頃材料切れの為、営業を終了する場合もあります。,月　定休日(祝日も定休日になります)火〜金11:00〜15:00頃17:30〜21:00土11:00〜20:00頃通し営業日9:30~16:30頃材料切れの為、営業を終了する場合もあります。,～￥999,有,25席,有
無銘,千代田区神田東松下町49-8,千代田区,3.75,912,29812,,,～￥999,無,6席,無
中華そば さとう,大田区羽田4-20-11,大田区,3.75,808,20065,11:00～14:0016:30～20:00(第2日曜日は11:00～14:00のみの営業),11:00～14:0016:30～20:00(第2日曜日は11:00～14:00のみの営業),～￥999,無,12席,無
塩生姜らー麺専門店 MANNISH 淡路町本店,千代田区神田司町2-2-8 マガザン神田 1F,千代田区,3.75,737,30734,[月～金]11:00～22:30[土・日・祝]11:00～21:30,[月～金]11:00～22:30[土・日・祝]11:00～21:30,"￥1,000～￥1,999",無,11席,無
支那蕎麦 澤田,新宿区新宿1-12-1,新宿区,3.75,491,17162,[月〜土]11:00～16:0017:00～21:00[日]11:00～17:00年中無休,[月〜土]11:00～16:0017:00～21:00[日]11:00～17:00年中無休,"￥1,000～￥1,999",無,10席,無
中華蕎麦 きつね,世田谷区南烏山3-3-1,世田谷区,3.75,408,16275,[月～金]11:00～19:00[土・日・祝]11:00～16:00※麺・スープ無くなり次第終了,[月～金]11:00～19:00[土・日・祝]11:00～16:00※麺・スープ無くなり次第終了,～￥999,無,9席,無
超純水採麺 天国屋,町田市鶴間3-13-13,町田市,3.75,325,9277,[月・木・金]11:00～15:00(L.O.)[火]11:00〜14:45(L.O.)[土・日]11:00～15:45(L.O.)※夜営業する場合はTwitterにて随時案内あり,[月・木・金]11:00～15:00(L.O.)[火]11:00〜14:45(L.O.)[土・日]11:00～15:45(L.O.)※夜営業する場合はTwitterにて随時案内あり,"￥1,000～￥1,999",無,13席,無
麺処 花田 池袋店,豊島区東池袋1-23-8 東池袋ISKビル 1F,豊島区,3.74,2286,65253,【月～土 日・祝】11:00〜22:30,【月～土 日・祝】11:00〜22:30,～￥999,無,16席,無
らぁめん 満来（まんらい）,新宿区西新宿1-4-10,新宿区,3.74,2269,69468,11:00～23:00,11:00～23:00,"￥1,000～￥1,999",無,15席,無
松戸富田麺絆,千代田区丸の内2-7-2 KITTE丸の内 B1F,千代田区,3.74,1987,36569,,,"￥1,000～￥1,999",無,27席,無
神田ラーメン わいず,千代田区内神田3-9-6 大熊ビル 1Ｆ,千代田区,3.74,1812,43242,[月～金］10:30～24:00[土・祝］10:30～翌1:00,[月～金］10:30～24:00[土・祝］10:30～翌1:00,～￥999,無,11席,無
麺や 庄の（めんやしょうの）,新宿区市谷田町1-3 クレセントビル 1Ｆ,新宿区,3.74,1482,37428,［月～土］11:00～22:00 (L.O 22:00)［日］11:00-21:00(L.O 20:40)8/11〜8/13 11:00〜20:00,［月～土］11:00～22:00 (L.O 22:00)［日］11:00-21:00(L.O 20:40)8/11〜8/13 11:00〜20:00,"￥1,000～￥1,999",無,15席,無
手打 親鶏中華そば 綾川,渋谷区恵比寿1-21-18 ライツ恵比寿1F,渋谷区,3.74,1428,50527,11:00～21:30(麺売り切れ次第終了),11:00～21:30(麺売り切れ次第終了),～￥999,無,14席,無
ニッポン ラーメン 凛 トウキョウ（Nippon Ramen 凛 RIN Tokyo）,千代田区丸の内1-9-1 グランスタ東京 B1F,千代田区,3.74,1268,25177,[月～日・祝]11:00～20:00（LO19:30）,[月～日・祝]11:00～20:00（LO19:30）,～￥999,無,13席,無
らーめん 稲荷屋（イナリヤ）,台東区元浅草2-10-13 島田ビル 1F,台東区,3.74,1254,34529,,,～￥999,無,18席,無
牛骨らぁ麺マタドール,足立区千住東2-4-17 中村ビル１Ｆ,足立区,3.74,1156,34583,【火・水・木・金・土】11:30～14:3018:00～21:00（※なくなり次第終了）【日・祝】11:30～16:00（※なくなり次第終了）,【火・水・木・金・土】11:30～14:3018:00～21:00（※なくなり次第終了）【日・祝】11:30～16:00（※なくなり次第終了）,"￥1,000～￥1,999",無,7席,無
博多ラーメン ばりこて（はかたらーめん ばりこて）,杉並区高円寺南1-30-15,杉並区,3.74,1075,34073,［火～土］11:00～22:00［日］11:00～21:00,［火～土］11:00～22:00［日］11:00～21:00,～￥999,無,8席,無
赤坂 四川飯店（アカサカ シセンハンテン）,千代田区平河町2-5-5 全国旅館会館ビル　５Ｆ・６Ｆ,千代田区,3.74,1073,50257,ランチ 11:30～15:00(L.O.14:00)ディナー 17:00～22:00(L.O.21:00),ランチ 11:30～15:00(L.O.14:00)ディナー 17:00～22:00(L.O.21:00),"￥10,000～￥14,999",無,300席,無
中華そば いづる,港区芝大門2-1-18,港区,3.74,1019,28541,[月～金]11:00～14:0017:30～20:30※8月17.18.19日は昼営業のみ11:00～15:00,[月～金]11:00～14:0017:30～20:30※8月17.18.19日は昼営業のみ11:00～15:00,～￥999,無,9席,無
麺処 夏海,北区赤羽1-18-4,北区,3.74,989,26150,11:00～15:00　18:00～22:00※スープなくなり次第終了,11:00～15:00　18:00～22:00※スープなくなり次第終了,"￥1,000～￥1,999",無,11席,無
麺壱 吉兆,品川区東大井5-6-6,品川区,3.74,989,36758,[水～金]11:30～14:3017:30～20:30[土・日・祝]11:30～14:30,[水～金]11:30～14:3017:30～20:30[土・日・祝]11:30～14:30,"￥1,000～￥1,999",無,7席,無
麺屋 周郷（すごう）,港区新橋4-19-1,港区,3.74,847,39453,[月・火・水・木・金・土]11:00～15:0017:00～22:00［日］ 11:00～16:00※食材がなくなり次第終了,[月・火・水・木・金・土]11:00～15:0017:00～22:00［日］ 11:00～16:00※食材がなくなり次第終了,"￥1,000～￥1,999",無,5席,無
麺屋 まほろ芭,大田区蒲田5-34-4,大田区,3.74,775,22095,11:00〜22:00（L.O. 21:40）,11:00〜22:00（L.O. 21:40）,"￥1,000～￥1,999",無,11席,無
中華そば こてつ,世田谷区北沢2-39-13,世田谷区,3.74,671,29845,[月]11:30～15:00(L.O.14:50)[水～日]11:30～15:00(L.O.14:50)17:00～21:00(L.O.20:50),[月]11:30～15:00(L.O.14:50)[水～日]11:30～15:00(L.O.14:50)17:00～21:00(L.O.20:50),～￥999,無,8席,無
麺屋 はやしまる,杉並区高円寺北2-22-11 1F,杉並区,3.74,666,21468,［月・火・日］10:56～17:00[金]12:00～20:30[土]10:56～20:30売切れ早仕舞い,［月・火・日］10:56～17:00[金]12:00～20:30[土]10:56～20:30売切れ早仕舞い,"￥1,000～￥1,999",無,11席,無
めだかタンタン（めだかTANTAN）,昭島市玉川町3-17-17,昭島市,3.74,627,18966,ランチ　11:30　～　15:00までディナー　18：00　～　22：00まで※ラストオーダー閉店15分前※麺切れ、スープ切れ早終い有り,ランチ　11:30　～　15:00までディナー　18：00　～　22：00まで※ラストオーダー閉店15分前※麺切れ、スープ切れ早終い有り,～￥999,有,13席,有
ラーメン二郎 神田神保町店,千代田区神田神保町1-21-4,千代田区,3.74,612,14361,11:00～17:30  売り切れ終了,11:00～17:30  売り切れ終了,～￥999,無,10席,無
まるえ中華そば 巣鴨（MARUE）,豊島区巣鴨1-14-1 プラトーサカ 1F,豊島区,3.74,566,21204,[月～土］11:30～16:00(L.O.15:50)　17:00～20:00(L.O.19:50)[日・祝]11:30～19:00,[月～土］11:30～16:00(L.O.15:50)　17:00～20:00(L.O.19:50)[日・祝]11:30～19:00,～￥999,無,8席,無
Tombo（とんぼ）,武蔵野市吉祥寺南町4-16-12 リトハイム 101,武蔵野市,3.74,493,21959,11:30～14:3018:00～21:00(スープ無くなり次第終了),11:30～14:3018:00～21:00(スープ無くなり次第終了),"￥1,000～￥1,999",無,9席,無
世田谷中華そば 祖師谷七丁目食堂,世田谷区祖師谷1-9-14,世田谷区,3.74,433,17547,11:00～15:00（L.O 14:45）17:30～22:00（L.O 21:45）,11:00～15:00（L.O 14:45）17:30～22:00（L.O 21:45）,～￥999,無,9席,無
ボニートスープヌードルライク（Bonito Soup Noodle RAIK）,杉並区大宮1-2-3,杉並区,3.74,412,14140,[火～土]11:30～15:00 18:00～21:30[日]11:30～15:00,[火～土]11:30～15:00 18:00～21:30[日]11:30～15:00,"￥1,000～￥1,999",無,6席,無
中国意境菜 白燕（バイエン）,台東区元浅草2-7-10 オルタンシアIV 2F,台東区,3.74,141,11797,ランチ　11：30～14：00（L.O 13：30）ディナー　18:00～22：00 (L.O 21:00),ランチ　11：30～14：00（L.O 13：30）ディナー　18:00～22：00 (L.O 21:00),"￥10,000～￥14,999",無,23席,無
煮干中華そば 鈴蘭（すずらん）,新宿区新宿3-11-12 永谷テイクエイト 1F,新宿区,3.73,1798,51242,2021年10月25日より下記営業時間になります。11:00～23:00,2021年10月25日より下記営業時間になります。11:00～23:00,～￥999,無,18席,無
カラシビ味噌らー麺 鬼金棒 神田本店（キカンボウ）,千代田区鍛冶町2-10-9,千代田区,3.73,1643,58335,11:00～21:30（月曜日～土曜日・祝日含む）11:00～16:00（日曜日）,11:00～21:30（月曜日～土曜日・祝日含む）11:00～16:00（日曜日）,"￥1,000～￥1,999",無,19席,無
トナリ 丸の内店,千代田区丸の内2-7-3 東京ビルTOKIA B1F,千代田区,3.73,1565,35847,10:30～21:45(L.O.),10:30～21:45(L.O.),"￥1,000～￥1,999",有,17席,有
MASA’S KITCHEN 恵比寿（マサズキッチン）,渋谷区恵比寿1-21-13 BPRレジデンス恵比寿 B1F,渋谷区,3.73,1362,93998,【当面の営業時間】ランチ　11:30～15:00（LO 14:00）ディナー18:00～22:30（LO 21:30）,【当面の営業時間】ランチ　11:30～15:00（LO 14:00）ディナー18:00～22:30（LO 21:30）,"￥10,000～￥14,999",無,40席,無
粋な一生（いきないっしょう）,台東区台東1-27-2 竹善ビル　１Ｆ,台東区,3.73,1292,31236,【平日】11:00～21:00【土・日・祝】11:00～20:00※スープ無くなり次第終了,【平日】11:00～21:00【土・日・祝】11:00～20:00※スープ無くなり次第終了,～￥999,無,18席,無
永福町 大勝軒,杉並区和泉3-5-3,杉並区,3.73,1218,25701,11時～季節や人員体制により営業時間が変更となります。最新の営業時間はホームページにてお知らせいたしますのでそちらをご確認ください。,11時～季節や人員体制により営業時間が変更となります。最新の営業時間はホームページにてお知らせいたしますのでそちらをご確認ください。,"￥1,000～￥1,999",無,20席,無
千里眼（センリガン）,目黒区駒場4-6-8 佐藤ビル　1F,目黒区,3.73,1182,44040,11:00～15:0017:00～21:00,11:00～15:0017:00～21:00,～￥999,無,12席,無
鏡花（きょうか）,立川市柴崎町2-12-20,立川市,3.73,1142,27379,11:30～15:00 18:00～22:00土日祝営業時間 １１：３０～２２：００[通し営業],11:30～15:00 18:00～22:00土日祝営業時間 １１：３０～２２：００[通し営業],"￥1,000～￥1,999",無,18席,無
利尻昆布ラーメン くろおび,港区西新橋1-20-11 安藤ビル 1F,港区,3.73,1109,30080,[月～金］11:00～23:00[土］11:00～21:00スープが無くなり次第終了,[月～金］11:00～23:00[土］11:00～21:00スープが無くなり次第終了,"￥1,000～￥1,999",無,20席,無
めん和正（わしょう）,世田谷区太子堂2-6-2,世田谷区,3.73,1037,38308,11:30～14:3018:30～22:00,11:30～14:3018:30～22:00,～￥999,無,10席,無
中華めん処 道頓堀（どうとんぼり）,板橋区成増2-17-2,板橋区,3.73,756,30548,11:00～14:00頃／17:30～20:00頃（昼夜とも、スープがなくなり次第終了）,11:00～14:00頃／17:30～20:00頃（昼夜とも、スープがなくなり次第終了）,"￥1,000～￥1,999",無,20席,無
麺 酒 やまの,練馬区豊玉北5-23-11 豊玉ビル B1F,練馬区,3.73,745,28244,11:00～15:0018:00～23:00,11:00～15:0018:00～23:00,～￥999,無,18席,無
覆麺 智（ふくめん とも【旧店名】覆麺）,千代田区神田神保町2-2-12,千代田区,3.73,691,29694,[月・火・木・金・土】9:00～14:00[水]※会員制9:00～14:00※スープ無くなり次第終了,[月・火・木・金・土】9:00～14:00[水]※会員制9:00～14:00※スープ無くなり次第終了,"￥1,000～￥1,999",無,8席,無
くじら食堂 nonowa 東小金井店,小金井市梶野町5-1-1 nonowa東小金井,小金井市,3.73,673,16249,[月～金]10:00～24:00[土・日・祝]8:00～24:00,[月～金]10:00～24:00[土・日・祝]8:00～24:00,～￥999,無,19席,無
らーめん天神下 大喜,台東区台東2-4-4,台東区,3.73,657,27875,［月・火・木・金］11:00～15:00(L.O.14:30)18:00～21:30(L.O.21:00)［水］11:00～15:00(L.O.14:30)[土]11:00～15:30(L.O.15:00)18:00～21:00(L.O.20:30)[祝]11:00～15:30(L.O.15:00),［月・火・木・金］11:00～15:00(L.O.14:30)18:00～21:30(L.O.21:00)［水］11:00～15:00(L.O.14:30)[土]11:00～15:30(L.O.15:00)18:00～21:00(L.O.20:30)[祝]11:00～15:30(L.O.15:00),"￥2,000～￥2,999",無,10席,無
支那そば大和 稲荷町店,台東区東上野6-1-7 MSKビル 1F,台東区,3.73,635,16479,[火・日・祝]11:30～15:30[月・水・木・金・土]11:30～15:3017:00～21:00(L.O. 20:30),[火・日・祝]11:30～15:30[月・水・木・金・土]11:30～15:3017:00～21:00(L.O. 20:30),"￥1,000～￥1,999",無,情報なし席,無
中華そば 吾衛門（ごえもん）,八王子市千人町3-3-3,八王子市,3.73,621,16888,11:00～17:00,11:00～17:00,～￥999,無,10席,無
らあめん 元（HAJIME）,板橋区坂下2-16-11,板橋区,3.73,578,15207,[火・水・木・金]11:30～14:2018:00～21:20[土・日・祝日]11:30～14:2018:00～20:20,[火・水・木・金]11:30～14:2018:00～21:20[土・日・祝日]11:30～14:2018:00～20:20,"￥1,000～￥1,999",無,9席,無
自家製麺 ロビンソン,港区虎ノ門1-16-9 双葉ビル 1F,港区,3.73,507,20072,11:00～14:00(L.O),11:00～14:00(L.O),"￥1,000～￥1,999",無,8席,無
東京味噌らーめん 鶉（うずら）,武蔵野市境2-3-19,武蔵野市,3.73,490,16838,[月・火・水・金]11:00～15:00[土・日]11:00～16:00,[月・火・水・金]11:00～15:00[土・日]11:00～16:00,"￥1,000～￥1,999",無,7席,無
元祖スタミナ満点らーめん すず鬼（スズキ）,三鷹市下連雀3-28-21 公団三鷹駅前第2アパート B1F,三鷹市,3.73,484,31719,[月～木]18:00～24:00［金、土］18:00～翌1:00,[月～木]18:00～24:00［金、土］18:00～翌1:00,～￥999,無,10席,無
麺処 一笑（メンドコロ イッショウ）,杉並区阿佐谷南1-9-5,杉並区,3.73,458,18360,,,～￥999,無,11席,無
愚直（ぐちょく）,板橋区大谷口北町12-7 セブンマンション　１Ｆ,板橋区,3.73,380,16405,[月・土]12:00～15:00 [火・水・金・日]12:00～14:3019:00～21:00,[月・土]12:00～15:00 [火・水・金・日]12:00～14:3019:00～21:00,～￥999,無,6席,無
そらのいろ ニッポン（Soranoiro NIPPON【旧店名】ソラノイロ ニッポン）,千代田区丸の内1-9-1 東京駅一番街 B1F,千代田区,3.72,2260,39246,9:00～23:00(L.O.22:30)朝営業、ランチ営業、夜10時以降入店可、日曜営業,9:00～23:00(L.O.22:30)朝営業、ランチ営業、夜10時以降入店可、日曜営業,～￥999,無,26席,無
希須林 赤坂（キスリン）,港区赤坂3-7-9,港区,3.72,1699,67875,［月～金］11:00～16:0018:00～22:00［土・日・祝］11:00～16:0017:30～20:00,［月～金］11:00～16:0018:00～22:00［土・日・祝］11:00～16:0017:30～20:00,"￥1,000～￥1,999",無,9席,無
らぁ麺 鳳仙花,新宿区歌舞伎町1-24-6,新宿区,3.72,1685,54812,11:00～23:00L.O22:45※スープ切れ次第、早終いあり,11:00～23:00L.O22:45※スープ切れ次第、早終いあり,"￥1,000～￥1,999",無,16席,無
自家製麺 伊藤 銀座店,中央区銀座6-12-2 東京銀座ビルディング B1F,中央区,3.72,1553,47580,[月〜金]11:00～23:00[土・日・祝]11:00〜20:00※ただしどの日も材料売切れで閉店日曜営業,[月〜金]11:00～23:00[土・日・祝]11:00〜20:00※ただしどの日も材料売切れで閉店日曜営業,"￥1,000～￥1,999",無,12席,無
SHIBIRE NOODLES 蝋燭屋 銀座本店（シビレヌードルロウソクヤ）,中央区銀座3-5-16 第一島田ビル 1F,中央区,3.72,1394,62026,7月16日(日)より日曜日定休日になります。ランチタイム営業11:00～15：30　ディナータイム営業17：30～21：00月曜日はランチタイムのみになります。,7月16日(日)より日曜日定休日になります。ランチタイム営業11:00～15：30　ディナータイム営業17：30～21：00月曜日はランチタイムのみになります。,"￥1,000～￥1,999",無,12席,無
鶏ポタ ラーメン THANK（サンク）,港区芝大門2-1-13 芝大友ビル 1F,港区,3.72,1387,41637,[月～金]11:30～15:0018:00～22:00[土日祝]11:30～15:00,[月～金]11:30～15:0018:00～22:00[土日祝]11:30～15:00,～￥999,無,18席,無
ラーメン二郎 目黒店（らーめんじろう）,目黒区目黒3-7-2,目黒区,3.72,1306,18353,11:00～16:0018:00～23:00,11:00～16:0018:00～23:00,～￥999,無,8席,無
メンショー サン フランシスコ（MENSHO SAN FRANCISCO）,新宿区西新宿1-1-3 新宿ミロード 7F,新宿区,3.72,1304,37316,11:00～22:00(L.O.21:40),11:00～22:00(L.O.21:40),"￥1,000～￥1,999",有,31席,有
中華 兆徳,文京区向丘1-10-5,文京区,3.72,1296,98257,[火～金]11:30～14:3017:30～23:00[土・日・祝]11:30～14:30 17:30～22:00,[火～金]11:30～14:3017:30～23:00[土・日・祝]11:30～14:30 17:30～22:00,"￥1,000～￥1,999",無,20席,無
日本橋 製麺庵 なな蓮,中央区日本橋室町1-8-7 東信室町ビル 1F,中央区,3.72,1204,37436,当店では手作りにこだわり、お客様にご満足いただける商品を心がけております。そのため一日にご提供できる量に限りがございます。商品の品質を維持するため営業時間の変更をさせていただきます。ご理解のほど宜しくお願い致します。月～金曜11:30～14:0018:00〜21:00中休みは致しません。土、日、祝日11:00～スープ終了まで※ご心配な方はお電話にて確認下さい。,当店では手作りにこだわり、お客様にご満足いただける商品を心がけております。そのため一日にご提供できる量に限りがございます。商品の品質を維持するため営業時間の変更をさせていただきます。ご理解のほど宜しくお願い致します。月～金曜11:30～14:0018:00〜21:00中休みは致しません。土、日、祝日11:00～スープ終了まで※ご心配な方はお電話にて確認下さい。,"￥1,000～￥1,999",無,18席,無
北大塚ラーメン,豊島区北大塚1-14-1,豊島区,3.72,1148,37329,[月～土]11:00～14:00 17:00～22:00,[月～土]11:00～14:00 17:00～22:00,～￥999,無,22席,無
海老丸らーめん（海老〇ラーメン）,千代田区西神田2-1-13 十勝ビル 1F,千代田区,3.72,1007,43009,平日ランチ11:30～15:00　ディナー18:00〜22:30(L.O22:00)土日祝日11:30〜20:00(L.O19:30)※並び次第で早めに終了する場合があります。,平日ランチ11:30～15:00　ディナー18:00〜22:30(L.O22:00)土日祝日11:30〜20:00(L.O19:30)※並び次第で早めに終了する場合があります。,"￥1,000～￥1,999",有,14席,有
本枯中華そば 魚雷,文京区小石川1-8-6 アルシオン文京小石川102,文京区,3.72,955,30662,11:00～15:00、18:00～22:45,11:00～15:00、18:00～22:45,～￥999,無,14席,無
中華そば 共楽（きょうらく）,中央区銀座2-10-12,中央区,3.72,944,43622,[月～金]11:00～18:00[土]11:00～16:00,[月～金]11:00～18:00[土]11:00～16:00,"￥1,000～￥1,999",無,18席,無
ラーメン二郎 品川店（らーめんじろう）,品川区北品川1-18-5 サンサーラ品川,品川区,3.72,889,15157,[月～金]10:00～14:00(L.O.13:30)17:00～21:00(L.O.20:30)[土]10:00～14:00,[月～金]10:00～14:00(L.O.13:30)17:00～21:00(L.O.20:30)[土]10:00～14:00,～￥999,無,10席,無
麺屋 彩音（sign）,品川区西五反田2-18-3 グレイス五反田 1F,品川区,3.72,775,27113,[月・火・水・木・土]11:00～14:3018:00～21:30[金]11:00～14:3018:00～23:30,[月・火・水・木・土]11:00～14:3018:00～21:30[金]11:00～14:3018:00～23:30,"￥1,000～￥1,999",無,13席,無
中華そば みたか,三鷹市下連雀3-27-9 ニューエミネンス B1F,三鷹市,3.72,767,31226,11:00～14:0017:00～20:30,11:00～14:0017:00～20:30,～￥999,無,10席,無
ラーメン二郎 桜台駅前店（らーめんじろう）,練馬区桜台1-5-1,練馬区,3.72,604,9225,[月・水・木・金]11:00～14:00 17:30～21:00[土・日]10:00～16:00,[月・水・木・金]11:00～14:00 17:30～21:00[土・日]10:00～16:00,～￥999,無,10席,無
生粋 花のれん,文京区大塚3-5-4 茗荷谷ハイツ 1Ｆ,文京区,3.72,565,20800,11:30～(L.O.14:45)17:30～(L.O.20:30),11:30～(L.O.14:45)17:30～(L.O.20:30),"￥1,000～￥1,999",無,6席,無
えどもんど,荒川区西日暮里5-31-9,荒川区,3.72,563,18975,11:00～14:3017:30～21:00※材料切れ次第営業終了,11:00～14:3017:30～21:00※材料切れ次第営業終了,～￥999,無,13席,無
井田商店,品川区中延2-16-8,品川区,3.72,559,18816,(火〜金)11:30〜14:30/18:00〜20:00(土日、祝日)11:30〜14:30 ランチ営業のみ,(火〜金)11:30〜14:30/18:00〜20:00(土日、祝日)11:30〜14:30 ランチ営業のみ,"￥1,000～￥1,999",無,8席,無
麺 高はし（めんたかはし）,北区赤羽1-38-10 内山ビル 1F,北区,3.72,524,21558,[月～金]11:00～13:2017:20～18:10[土・祝]10:20～12:45,[月～金]11:00～13:2017:20～18:10[土・祝]10:20～12:45,～￥999,無,7席,無
つけめん さなだ,足立区千住3-6,足立区,3.72,518,15144,［月］11:00～14:45[火～金]11:00～14:4518:00～21:00[土・日]11:00～20:00,［月］11:00～14:45[火～金]11:00～14:4518:00～21:00[土・日]11:00～20:00,"￥1,000～￥1,999",無,11席,無
三馬路 東京店（サンマロ）,千代田区内神田2-9-6 祥司ビル 1F,千代田区,3.72,496,14706,[月～金]12:00～15:0018:00～21:00(スープがなくなり次第終了)[土・祝]12:00～15:00(スープがなくなり次第終了),[月～金]12:00～15:0018:00～21:00(スープがなくなり次第終了)[土・祝]12:00～15:00(スープがなくなり次第終了),"￥1,000～￥1,999",無,7席,無
ラーメン 三浦家,葛飾区金町6-5-1 ベルトーレ金町 1F,葛飾区,3.72,494,14586,11:00～17:00,11:00～17:00,～￥999,無,11席,無
カッパ64（カッパロクジュウシ　【旧店名】カッパヌードル）,福生市北田園1-6-9,福生市,3.72,437,8490,11:00〜15:0017:00〜21:00 (L.O20:45),11:00〜15:0017:00〜21:00 (L.O20:45),～￥999,有,14席,有
麺屋 瑞風（ミズカゼ）,西東京市田無町3-11-13 ラ・メーサ田無 1F,西東京市,3.72,413,12655,,,～￥999,無,5席,無
魂の中華そば,板橋区上板橋1-25-10 JTプラザ上板橋 1F,板橋区,3.72,399,14875,[火〜金]11:30〜14:3018:00〜21:00[土・日・祝]11:00〜15:3018:00〜20:00※まん延防止期間20:00まで,[火〜金]11:30〜14:3018:00〜21:00[土・日・祝]11:00〜15:3018:00〜20:00※まん延防止期間20:00まで,"￥1,000～￥1,999",無,8席,無
麺屋 ルリカケス,江東区東陽3-6-2 小鳥居ビル 1F,江東区,3.72,396,10411,11:00～14:3017:30～20:00,11:00～14:3017:30～20:00,"￥1,000～￥1,999",無,10席,無
中華そば 半ざわ,豊島区西巣鴨4-13-6 西巣鴨ビル 1F,豊島区,3.72,347,8177,9:00～17:00,9:00～17:00,"￥1,000～￥1,999",無,15席,無
破壊的イノベーション,新宿区高田馬場1-3-10 曽根ビル 1F,新宿区,3.72,341,11444,昼11:30～14:30夜18:00～21:00,昼11:30～14:30夜18:00～21:00,～￥999,無,8席,無
中華そば 麺壁九年（メンペキクネン）,杉並区上井草1-24-22 小山ビル 1F,杉並区,3.72,339,9393,平日土曜日11:00～14:30・18:00～21:00日曜日祝日11:00〜15:00・17:30〜20:00食材とお並びの状況次第では閉店時間早まります。,平日土曜日11:00～14:30・18:00～21:00日曜日祝日11:00〜15:00・17:30〜20:00食材とお並びの状況次第では閉店時間早まります。,"￥1,000～￥1,999",無,11席,無
覆めん 花木,中野区東中野1-31-8 井上ビル 1F,中野区,3.72,322,11516,[平日・土]11:00～14:30　17:00～19:45[日曜日・祝日]11:00～17:00,[平日・土]11:00～14:30　17:00～19:45[日曜日・祝日]11:00～17:00,"￥1,000～￥1,999",無,6席,無
中華そば 一清,小金井市前原町3-40-23,小金井市,3.72,303,7021,※緊急事態宣言中は20:00までの営業[月・火・金・土・日]11:00～15:00 18:00～21:00(ラストオーダー20:00)[水]11:00～15:00,※緊急事態宣言中は20:00までの営業[月・火・金・土・日]11:00～15:00 18:00～21:00(ラストオーダー20:00)[水]11:00～15:00,"￥1,000～￥1,999",無,7席,無
中華そば 竹千代,北区昭和町1-3-6,北区,3.72,302,10992,[平日] 11:00〜14:00、18:00〜22:00[土日祝] 11:00〜14:30、18:00〜22:00,[平日] 11:00〜14:00、18:00〜22:00[土日祝] 11:00〜14:30、18:00〜22:00,～￥999,無,5席,無
麺や 麟子鳳雛（りんしほうすう）,杉並区上井草2-36-10,杉並区,3.72,209,3654,[月～金]11:30～15:0018:00～22:00[土]11:30～15:0017:30～21:00[日・祝日]11:00～15:00,[月～金]11:30～15:0018:00～22:00[土]11:30～15:0017:30～21:00[日・祝日]11:00～15:00,"￥1,000～￥1,999",無,14席,無
豊栄（ホウエイ）,文京区本駒込3-1-8 COCOPLUS本駒込 1F,文京区,3.72,117,12037,[土日祝]11時30分〜14時30分(13時30分L.O)[ディナー]17時30分〜22時00分(L.O21時00分),[土日祝]11時30分〜14時30分(13時30分L.O)[ディナー]17時30分〜22時00分(L.O21時00分),"￥8,000～￥9,999",無,19席,無
支那麺 はしご 本店（橋悟）,中央区銀座6-3-5 第二ソワレ･ド･ビル 1F,中央区,3.71,2621,84618,,,"￥2,000～￥2,999",無,24席,無
ラーメンの店 ホープ軒 千駄ヶ谷店（ホープケン）,渋谷区千駄ヶ谷2-33-9,渋谷区,3.71,1807,28357,24時間営業,24時間営業,～￥999,無,情報なし席,無
永楽（【旧店名】中華そば 永楽）,品川区東大井5-3-2,品川区,3.71,1595,44503,［火～金］11:30～22:00［土・日］11:30～21:00,［火～金］11:30～22:00［土・日］11:30～21:00,"￥1,000～￥1,999",無,23席,無
麺や 佐市,墨田区錦糸4-6-9 小川ビル 1Ｆ,墨田区,3.71,1566,43168,【毎日】11:00～23:00(L.O),【毎日】11:00～23:00(L.O),～￥999,無,10席,無
らぁめん ほりうち 新宿本店,新宿区西新宿1-4-7 高野ビル1F,新宿区,3.71,1322,35187,[月～土]8:00～23:00(L.O)[日]10:00～23:00(L.O),[月～土]8:00～23:00(L.O)[日]10:00～23:00(L.O),"￥1,000～￥1,999",無,15席,無
俺の空（おれのそら）,新宿区高田馬場4-2-31,新宿区,3.71,1178,29422,,,～￥999,無,12席,無
田中そば店 秋葉原店,千代田区外神田3-8-3 第1針谷ビル 1F,千代田区,3.71,1152,30604,11:00～21:00,11:00～21:00,"￥1,000～￥1,999",無,16席,無
担々麺 ほおずき,中野区中野5-52-1,中野区,3.71,1096,40547,●ランチ/11:30～15:00(14:45ラストオーダー)●ディナー/17:00～21:00(20:45ラストオーダー)現在上記の時間にて営業しております。,●ランチ/11:30～15:00(14:45ラストオーダー)●ディナー/17:00～21:00(20:45ラストオーダー)現在上記の時間にて営業しております。,"￥1,000～￥1,999",無,18席,無
人類みな麺類 東京本店,渋谷区恵比寿西2-10-3 プラネックスアンペール 1F,渋谷区,3.71,1062,41561,[月〜金]11:00〜23:30[土・日・祝] 10:00〜23:30,[月〜金]11:00〜23:30[土・日・祝] 10:00〜23:30,～￥999,無,30席,無
王道家直系 IEKEI TOKYO（王道家直系 イエケイ トウキョウ）,千代田区外神田5-2-7 外神田下村ビル 1F,千代田区,3.71,979,21702,[火～土]11:00～14:5015:30～翌1:00[日]11:00～14:5015:30～24:00※Twitterにて当日の時間更新あり。（要確認）,[火～土]11:00～14:5015:30～翌1:00[日]11:00～14:5015:30～24:00※Twitterにて当日の時間更新あり。（要確認）,～￥999,無,21席,無
神保町 可以（じんぼうちょう かい）,千代田区神田神保町2-2-12 サンエスビル １Ｆ,千代田区,3.71,919,22747,[月～日]11:00～20:00,[月～日]11:00～20:00,～￥999,無,12席,無
麺酒処 ぶらり,荒川区東日暮里5-52-5,荒川区,3.71,911,27252,［平日］11:30～14:3016:00～22:00［土・祝］11:30～22:00,［平日］11:30～14:3016:00～22:00［土・祝］11:30～22:00,"￥1,000～￥1,999",無,17席,無
中華そば ムタヒロ  1号店,国分寺市南町3-15-9 寿コーポB号 1F,国分寺市,3.71,907,23908,【昼】  11:30～15:00(L.O)【夜】  18:00〜23:00(L.O)    (日曜日は21:00閉店),【昼】  11:30～15:00(L.O)【夜】  18:00〜23:00(L.O)    (日曜日は21:00閉店),～￥999,無,9席,無
皇綱家（きづなや）,豊島区西池袋1-18-1 五光ビル 1F,豊島区,3.71,902,23686,,,～￥999,無,12席,無
さんじ,台東区東上野3-25-12 池田工芸本社ビル 1F,台東区,3.71,793,34314,【月・火・木・金】11:00～15:00 17:30～20:30【水・土・祝】11:00～15:00,【月・火・木・金】11:00～15:00 17:30～20:30【水・土・祝】11:00～15:00,"￥1,000～￥1,999",無,9席,無
中華そば 流川,新宿区西新宿7-9-15 新宿ダイカンプラザビジネス清田ビル 1F,新宿区,3.71,792,21133,11:30～23:00(L.O.22:30),11:30～23:00(L.O.22:30),"￥1,000～￥1,999",無,10席,無
麺 やまらぁ,中央区日本橋人形町2-29-3,中央区,3.71,759,24829,［月～金］昼11:00～15:00夜17:00～22:00［土］[日]  [祝日]11:00～15:00※食事30分前L.O.※スープ完売による閉店有り。臨時休業、時短営業のお知らせはTwitter、Instagramで行っておりますので、ご確認下さい。,［月～金］昼11:00～15:00夜17:00～22:00［土］[日]  [祝日]11:00～15:00※食事30分前L.O.※スープ完売による閉店有り。臨時休業、時短営業のお知らせはTwitter、Instagramで行っておりますので、ご確認下さい。,"￥1,000～￥1,999",無,10席,無
スパイス・ラー麺 卍力 秋葉原店,台東区台東1-10-5 1F,台東区,3.71,754,23026,[火～土]11:00～21:00［日］11:00〜17:00,[火～土]11:00～21:00［日］11:00〜17:00,～￥999,無,13席,無
81番,町田市原町田4-5-18 仲見世商店街,町田市,3.71,723,15479,[月～土]11:00～23:00(中休み無し)[日]11:00～21:00（中休み無し）[日曜日が連休中の場合]・連休の最終日が、11:00～21:00（中休み無し）・日曜日は11:00～23:00,[月～土]11:00～23:00(中休み無し)[日]11:00～21:00（中休み無し）[日曜日が連休中の場合]・連休の最終日が、11:00～21:00（中休み無し）・日曜日は11:00～23:00,～￥999,無,情報なし席,無
ろく月,台東区浅草橋2-4-5,台東区,3.71,720,26872,[月～金］11:30～14:30(L.O.14:15)18:00～20:45(L.O.20:30)[土］11:30～14:30(L.O.14:15),[月～金］11:30～14:30(L.O.14:15)18:00～20:45(L.O.20:30)[土］11:30～14:30(L.O.14:15),～￥999,無,12席,無
麺恋処 いそじ（めんこいどころ いそじ）,渋谷区代々木1-14-5,渋谷区,3.71,683,22170,[月～金]　11:30～20:30(L.O.)[土]　　11:30～19:00(L.O.),[月～金]　11:30～20:30(L.O.)[土]　　11:30～19:00(L.O.),"￥1,000～￥1,999",無,8席,無
らーめん 穀雨（コクウ、KOKŪ）,渋谷区桜丘町29-5 石島ビル 1F,渋谷区,3.71,647,31920,[月～金]12:00～15:00(L.O.)18:00～20:00(L.O.)[土]12:00～15:00(L.O.),[月～金]12:00～15:00(L.O.)18:00～20:00(L.O.)[土]12:00～15:00(L.O.),～￥999,無,9席,無
田中そば店 本店,足立区保塚町1-20,足立区,3.71,639,13311,[月〜金]11:00～16:00 17:00〜21:00[土日祝]11:00～21:00,[月〜金]11:00～16:00 17:00〜21:00[土日祝]11:00～21:00,～￥999,有,19席,有
小麦と肉 桃の木,新宿区新宿1-32-4 エヌエスビル 1F,新宿区,3.71,629,30664,［月～土］11:00～16:00,［月～土］11:00～16:00,～￥999,無,11席,無
麺屋 ごとう,豊島区駒込1-39-5 駅前Sビル B1F,豊島区,3.71,585,17012,[月～金]11:00～14:4517:30～20:45[土・祝]11:00～14:45,[月～金]11:00～14:4517:30～20:45[土・祝]11:00～14:45,"￥1,000～￥1,999",無,11席,無
つけそば 周（シュウ）,板橋区板橋2-63-4 グローリア初穂板橋 1F,板橋区,3.71,561,15661,11:00～14:30、17:30～21:00(スープ終了まで),11:00～14:30、17:30～21:00(スープ終了まで),～￥999,無,8席,無
麺匠 いしかわや,調布市国領町4-8-1,調布市,3.71,553,11796,[月～土]11:00～22:00(L.O.21:45)[日・祝]11:00～20:00(L.O.19:45)▼蔓延防止等重点措置として、当面の間以下営業時間となります。[月～土]11:00～21:00(L.O.20:45)[日・祝]11:00～20:00(L.O.19:45),[月～土]11:00～22:00(L.O.21:45)[日・祝]11:00～20:00(L.O.19:45)▼蔓延防止等重点措置として、当面の間以下営業時間となります。[月～土]11:00～21:00(L.O.20:45)[日・祝]11:00～20:00(L.O.19:45),～￥999,無,10席,無
はるちゃんラーメン,港区新橋2-20-15 新橋駅前ビル1号館 1F,港区,3.71,530,19274,年末年始の営業時間について12/30～1/3 臨時休業ご迷惑をおかけしますが、よろしくお願いいたします。[月・火・木〜土]10:00～18:00引き続き、よろしくお願い申し上げます。,年末年始の営業時間について12/30～1/3 臨時休業ご迷惑をおかけしますが、よろしくお願いいたします。[月・火・木〜土]10:00～18:00引き続き、よろしくお願い申し上げます。,～￥999,無,6席,無
珍々亭（珍珍亭 ちんちんてい）,武蔵野市境5-17-21,武蔵野市,3.71,528,17751,11:00～16:00,11:00～16:00,～￥999,無,22席,無
灼味噌らーめん 八堂八（ヤキミソラーメン ヤドヤ）,目黒区東山1-11-4,目黒区,3.71,488,36177,[水〜土曜日]  LO30分前目安11:30〜15:00     18:00〜20:00［日・月曜日］LO30分前目安11:30〜15:00※終日、売切れ早仕舞いあります。,[水〜土曜日]  LO30分前目安11:30〜15:00     18:00〜20:00［日・月曜日］LO30分前目安11:30〜15:00※終日、売切れ早仕舞いあります。,"￥1,000～￥1,999",無,16席,無
中華そば たた味,中央区日本橋小伝馬町15-20,中央区,3.71,485,19019,[月～土・祝]11:30～15:0018:00～21:00※ 頻繁に営業日時の変更があるため必ずSNSを確認,[月～土・祝]11:30～15:0018:00～21:00※ 頻繁に営業日時の変更があるため必ずSNSを確認,"￥1,000～￥1,999",無,8席,無
麺宿 志いな,新宿区四谷4-30-15 市川ビル 1F,新宿区,3.71,461,18154,11:00～（L.O.15:30）18:00～（L.O.20:30）,11:00～（L.O.15:30）18:00～（L.O.20:30）,～￥999,無,12席,無
美志満（みしま）,練馬区桜台1-2-9 モトビル桜台 1F,練馬区,3.71,456,12603,11:30～15:00(L.O.14:50)18:30～22:00(L.O.21:50),11:30～15:00(L.O.14:50)18:30～22:00(L.O.21:50),～￥999,無,7席,無
中華そば 葉山,新宿区市谷薬王寺町1,新宿区,3.71,454,16836,[月・火]11:30～15:00[土・日]11:30～16:00,[月・火]11:30～15:00[土・日]11:30～16:00,"￥1,000～￥1,999",無,7席,無
勢得（せいとく）,世田谷区桜丘3-24-4,世田谷区,3.71,447,12141,,,～￥999,無,11席,無
九段下 中路,千代田区九段北1-7-3,千代田区,3.71,440,12939,[月～木]11:00～15:3017:00～21:00[金]11:00～15:3017:00～22:00[土・日]11:00～15:30,[月～木]11:00～15:3017:00～21:00[金]11:00～15:3017:00～22:00[土・日]11:00～15:30,～￥999,無,9席,無
らーめん いつ樹 本店,青梅市新町9-2211,青梅市,3.71,371,7281,11:00～15:00 17:00～21:30,11:00～15:00 17:00～21:30,～￥999,有,情報なし席,有
NIBOSHI MANIA（ニボシマニア）,大田区西蒲田8-2-1 西蒲田スカイハイツ108B,大田区,3.71,351,13705,11:00～15:00(売切れ終了),11:00～15:00(売切れ終了),"￥1,000～￥1,999",無,11席,無
麺処 ほん田 東十条店,北区東十条1-22-6,北区,3.71,310,10811,［月・火・木・金・土・日］11:00～15:0018:00～22:00,［月・火・木・金・土・日］11:00～15:0018:00～22:00,～￥999,無,情報なし席,無
らーめん梶原,世田谷区南烏山6-5-7 明光ビル新館,世田谷区,3.71,299,7511,11:00～14:45(L.O.) 18:00～20:00,11:00～14:45(L.O.) 18:00～20:00,"￥1,000～￥1,999",無,8席,無
老四川 飄香小院（ラオシセン ピャオシャンショウイン）,港区六本木6-10-1 六本木ヒルズ森タワーウェストウォーク 5F,港区,3.71,147,7549,11:00～15:00(L.O.14:30)17:00～22:00(L.O.21:00),11:00～15:00(L.O.14:30)17:00～22:00(L.O.21:00),"￥5,000～￥5,999",有,50席,有
馳走麺 狸穴（マミアナ）,豊島区東池袋1-32-2 小川ビル　1F,豊島区,3.7,1630,46534,月曜日11:00～21:30火曜日11：00～15：30（たまにお休みを頂きます。）水曜日～土曜日11：00～21：30日曜日11：00～21：00(スープが無くなり次第終了）,月曜日11:00～21:30火曜日11：00～15：30（たまにお休みを頂きます。）水曜日～土曜日11：00～21：30日曜日11：00～21：00(スープが無くなり次第終了）,～￥999,無,12席,無
自家製麺 MENSHO TOKYO,文京区春日1-15-9,文京区,3.7,1579,48970,定休日なし　11:00～23:00 (L.O 22:30),定休日なし　11:00～23:00 (L.O 22:30),～￥999,無,16席,無
塩そば専門店 桑ばら（【旧店名】まるきゅうらあめん）,豊島区東池袋1-27-5 関口ビル 1F,豊島区,3.7,1450,45217,[月～日]11:00～20:30,[月～日]11:00～20:30,～￥999,無,8席,無
麺屋 音（オト）,足立区千住3-60 土井川ビル 1F,足立区,3.7,1134,30499,11:30～24:00,11:30～24:00,～￥999,無,10席,無
きたかた食堂,港区新橋5-9-8 永島ビル 1F,港区,3.7,1028,29417,[月～金]7:00～15:0017:00～21:00[土・日・祝]7:00～15:00,[月～金]7:00～15:0017:00～21:00[土・日・祝]7:00～15:00,"￥1,000～￥1,999",無,13席,無
銀座 篝 本店（カガリ）,中央区銀座6-4-12 1F,中央区,3.7,1022,49464,11:00～（L.O.21:30）,11:00～（L.O.21:30）,"￥1,000～￥1,999",無,17席,無
駄目な隣人,中央区日本橋人形町3–7-13 日本橋センチュリープラザ 1F,中央区,3.7,1020,39798,[月～日]11:00～23:00(L.O.22:30),[月～日]11:00～23:00(L.O.22:30),"￥1,000～￥1,999",無,9席,無
麺処 井の庄（めんどころ・いのしょう）,練馬区石神井町3-25-21 ライオンズプラザ　Ｂ１Ｆ,練馬区,3.7,912,26808,［平日］10:00～15:3017:00～23:00［土日祝］10:00～23:00,［平日］10:00～15:3017:00～23:00［土日祝］10:00～23:00,"￥1,000～￥1,999",無,12席,無
六坊担担面,豊島区南池袋1-24-5 楽園タウン池袋1F,豊島区,3.7,909,27264,11:00～21:00(L.O.20:30),11:00～21:00(L.O.20:30),～￥999,無,8席,無
味噌らーめん 柿田川 ひばり 恵比寿本店,渋谷区恵比寿西1-10-8 杉山ビル 1F,渋谷区,3.7,825,28948,［月～土］11:30～22:00［日・祝］11:30～21:00,［月～土］11:30～22:00［日・祝］11:30～21:00,～￥999,無,9席,無
中華 銀座亭,中央区銀座7-11-10,中央区,3.7,786,36464,［月～金］　11:30〜1:00(L.O)祝日に関しましては店舗までお問い合わせください,［月～金］　11:30〜1:00(L.O)祝日に関しましては店舗までお問い合わせください,"￥1,000～￥1,999",無,16席,無
ちえちゃんラーメン,千代田区鍛冶町2-13-7,千代田区,3.7,781,15332,10/30(月)の営業時間に関して16:00～18:00　臨時休業上記時間は一時営業を停止いたします。ご迷惑をおかけいたしますが、よろしくお願い申し上げます。月　　　10:00-5:00　　　　火～木　8:00-5:00金　　　8:00ｰ6:00土　　　8:00-6:00日・祝　11:00-22:00,10/30(月)の営業時間に関して16:00～18:00　臨時休業上記時間は一時営業を停止いたします。ご迷惑をおかけいたしますが、よろしくお願い申し上げます。月　　　10:00-5:00　　　　火～木　8:00-5:00金　　　8:00ｰ6:00土　　　8:00-6:00日・祝　11:00-22:00,～￥999,無,14席,無
crab台風。（クラブタイフウ）,中央区日本橋蛎殻町1-9-5 大鷲ビル1F,中央区,3.7,776,22235,11:00～15:00 17:00～21:00,11:00～15:00 17:00～21:00,"￥1,000～￥1,999",無,10席,無
みんみんラーメン 本店,八王子市楢原町437-1,八王子市,3.7,703,21501,11:00～16:00(L.O.15:40頃)17:00～20:00(L.O.19:40頃),11:00～16:00(L.O.15:40頃)17:00～20:00(L.O.19:40頃),"￥1,000～￥1,999",有,23席,有
ヌードル ボイス（NOODLE VOICE）,豊島区西池袋1-3-5 青井ビル第1 1F,豊島区,3.7,663,19471,[月～土]11:00～22:00[日]11:00～21:00,[月～土]11:00～22:00[日]11:00～21:00,～￥999,無,21席,無
志奈そば 田なか,豊島区東池袋2-19-2 第2八千代マンション 102,豊島区,3.7,624,24998,［月～金］11:00～15:00／17:00～21:00［土］11:00～15:00※祝日は営業します。※営業しているかどうかの確認の電話はお控えください。※臨時休業の場合はTwitter＆Instagramにて告知しますので、先にそちらをご覧ください。,［月～金］11:00～15:00／17:00～21:00［土］11:00～15:00※祝日は営業します。※営業しているかどうかの確認の電話はお控えください。※臨時休業の場合はTwitter＆Instagramにて告知しますので、先にそちらをご覧ください。,"￥1,000～￥1,999",無,9席,無
めん処 羽鳥,荒川区西日暮里2-28-8,荒川区,3.7,622,18422,[月～土]昼：11:00～15:00  夜：17:30～21:00 [日・祝]昼：11:00～15:30夜：17:30～20:00スープなくなり次第閉店となります。,[月～土]昼：11:00～15:00  夜：17:30～21:00 [日・祝]昼：11:00～15:30夜：17:30～20:00スープなくなり次第閉店となります。,～￥999,無,9席,無
らーめん えんや,北区岸町1-1-10 岸町NUビル1F,北区,3.7,598,12552,,,～￥999,無,12席,無
中華蕎麦 三藤,目黒区緑が丘1-14-2,目黒区,3.7,579,20095,営業日程のお知らせ (最終受付時間 / 15:30）【2/11 日曜】11:00~16:00 【2/12 月曜】11:00~16:00 【2/13 火曜】定休日 【2/14 水曜】11:00~16:00【2/15 木曜】11:00~16:00【2/16 金曜】11:00~16:00 【2/17 土曜】11:00~16:00 【2/18 日曜】11:00~16:00,営業日程のお知らせ (最終受付時間 / 15:30）【2/11 日曜】11:00~16:00 【2/12 月曜】11:00~16:00 【2/13 火曜】定休日 【2/14 水曜】11:00~16:00【2/15 木曜】11:00~16:00【2/16 金曜】11:00~16:00 【2/17 土曜】11:00~16:00 【2/18 日曜】11:00~16:00,"￥1,000～￥1,999",無,8席,無
ラーメン二郎 環七一之江店（らーめんじろう）,江戸川区一之江8-3-4,江戸川区,3.7,551,7190,［月・火・木・金］10:30～14:0017:30～20:30［土・日・祝］9:00～14:00,［月・火・木・金］10:30～14:0017:30～20:30［土・日・祝］9:00～14:00,"￥1,000～￥1,999",無,14席,無
つけそば 丸長 目白店（つけそばまるちょう）,新宿区下落合3-19-4,新宿区,3.7,540,18364,11:00～14:00,11:00～14:00,"￥1,000～￥1,999",無,8席,無
博多ラーメン でぶちゃん 高田馬場本店（【旧店名】博多ラーメン ばりちゃん）,新宿区高田馬場2-13-6,新宿区,3.7,538,24551,【全日】17:30～26:00 （L.O 25:30）定休日無し※予約有料 390円／一人,【全日】17:30～26:00 （L.O 25:30）定休日無し※予約有料 390円／一人,"￥1,000～￥1,999",無,34席,無
ラーメン 環2家 蒲田店,大田区西蒲田7-1-10,大田区,3.7,518,11811,営業時間11時～22時（ラストオーダー21時30分）,営業時間11時～22時（ラストオーダー21時30分）,"￥1,000～￥1,999",無,8席,無
ラーメン二郎 荻窪店,杉並区荻窪4-33-1,杉並区,3.7,514,7908,営業時間[月～土]11:30～14:15頃18:00～21:30頃※材料無くなり次第終了,営業時間[月～土]11:30～14:15頃18:00～21:30頃※材料無くなり次第終了,～￥999,無,8席,無
ピコピコポン,新宿区高田馬場1-3-13,新宿区,3.7,489,14652,[月～金]11:00～15:0017:30～22:00[第1・3日]11:00～15:00,[月～金]11:00～15:0017:30～22:00[第1・3日]11:00～15:00,～￥999,無,10席,無
ラーメン二郎 小岩店（らーめんじろう）,江戸川区西小岩3-31-13,江戸川区,3.7,470,7275,10:30～麺切れまで,10:30～麺切れまで,～￥999,無,11席,無
ラーメン二郎 千住大橋駅前店,足立区千住橋戸町10-8,足立区,3.7,456,6762,［月～水・金］11:00～15:00,［月～水・金］11:00～15:00,～￥999,無,8席,無
自家製麺 No11,板橋区大山金井町14-12,板橋区,3.7,455,18958,【月・水・木・金・土】11:00~15:00 / 17:30~22:00 L.O.【火曜日】17:00~22:00 L.O.【日曜日】11:00~16:00 L.O.※※※※※※※※※※※※※※※※2022年12月より火曜も営業（夜のみ）ご来店の際は店主Twitterをチェックしてください。※臨時休業、特別営業などはSNSで告知・店主Twitter:@masamix111,【月・水・木・金・土】11:00~15:00 / 17:30~22:00 L.O.【火曜日】17:00~22:00 L.O.【日曜日】11:00~16:00 L.O.※※※※※※※※※※※※※※※※2022年12月より火曜も営業（夜のみ）ご来店の際は店主Twitterをチェックしてください。※臨時休業、特別営業などはSNSで告知・店主Twitter:@masamix111,"￥1,000～￥1,999",無,13席,無
博多長浜らーめん いっき,足立区鹿浜8-4-5,足立区,3.7,449,12638,[月・火・木・金]11:30～14:30(L.O.)18:00～23:30(L.O.)[日・祝]11:30～15:00(L.O.) 17:00～23:00(L.O.),[月・火・木・金]11:30～14:30(L.O.)18:00～23:30(L.O.)[日・祝]11:30～15:00(L.O.) 17:00～23:00(L.O.),～￥999,有,17席,有
釜玉中華そば ナポレオン軒,目黒区中根1-5-1,目黒区,3.7,448,16126,,,～￥999,無,情報なし席,無
中国料理 四川（シセン）,港区白金台1-1-50 シェラトン都ホテル東京 1F,港区,3.7,435,17089,【朝食】7：00～10：00【ランチ】11：30～15：00(L.O.14：00)【ディナー】17：00～22：00(L.O.21：00),【朝食】7：00～10：00【ランチ】11：30～15：00(L.O.14：00)【ディナー】17：00～22：00(L.O.21：00),"￥10,000～￥14,999",有,153席,有
モリス（morris）,板橋区大山東町28-8 コンフォールT　１F,板橋区,3.7,417,11050,【月・火】11:00～15:00【木・金・土・日】11:00～20:00,【月・火】11:00～15:00【木・金・土・日】11:00～20:00,～￥999,無,12席,無
中華soba いそべ（チュウカソバ イソベ）,大田区多摩川1-20-14,大田区,3.7,406,10015,［火・木・土・日］11:30～14:3018:00～21:00［月・金］11:30～14:30,［火・木・土・日］11:30～14:3018:00～21:00［月・金］11:30～14:30,"￥1,000～￥1,999",無,10席,無
五丁目ハウス,中野区中野5-56-15,中野区,3.7,385,15137,[月～日]11:30～15:00 17:00～20:00,[月～日]11:30～15:00 17:00～20:00,～￥999,無,7席,無
製麺ｒａｂｏ（ラボ）,渋谷区本町4-13-10,渋谷区,3.7,376,14411,,,～￥999,無,9席,無
我的中華そば 机上の空論。,北区東十条3-11-5 1F,北区,3.7,345,9912,[火～土]11:30～14:3017:30～21:00[日]11:30～14:30,[火～土]11:30～14:3017:30～21:00[日]11:30～14:30,～￥999,無,7席,無
中華そば 梟,大田区東矢口3-1-11,大田区,3.7,288,10364,[月・水・木・金・土・日]11:00～15:00,[月・水・木・金・土・日]11:00～15:00,～￥999,無,6席,無
麺屋 悠（メンヤ ユウ）,新宿区百人町1-23-11 土田ビル別館 1F,新宿区,3.7,286,9591,［月・金・土・祝］11:30～15:30（L.O.15:00）［火・水・木］11:30～14:30（L.O.14:00）18:00～21:00（L.O.20:30）,［月・金・土・祝］11:30～15:30（L.O.15:00）［火・水・木］11:30～14:30（L.O.14:00）18:00～21:00（L.O.20:30）,"￥1,000～￥1,999",無,8席,無
麺や べらぼう,千代田区富士見2-10-2 飯田橋サクラテラス 3F,千代田区,3.7,283,8926,【月～土】11:30〜15:0017:30〜20:30（Ⅼ.O)またはスープが無くなり次第終了,【月～土】11:30〜15:0017:30〜20:30（Ⅼ.O)またはスープが無くなり次第終了,"￥1,000～￥1,999",無,26席,無
しののめヌードル,江東区亀戸3-45-18 亀戸三丁目ビル 1F,江東区,3.7,195,5540,［月・火・土・日・祝］昼 11:30～14:45(L.O.)夜 18:00～20:45(L.O.)※売り切れ次第早仕舞あり[水］11:30～14:45(L.O.)[金］18:00～20:45(L.O.)売り切れ早仕舞いあり,［月・火・土・日・祝］昼 11:30～14:45(L.O.)夜 18:00～20:45(L.O.)※売り切れ次第早仕舞あり[水］11:30～14:45(L.O.)[金］18:00～20:45(L.O.)売り切れ早仕舞いあり,"￥1,000～￥1,999",無,10席,無
百日紅（さるすべり）,新宿区新宿3-4-8 新宿三和東洋ビルヂングセゾンプラザ B2,新宿区,3.69,1214,30595,平日　　　７:00〜23:00（LO22:30）　　　　　（7:00～11:00朝ラーメン）土、日　　11:00～23:00（LO22:30）,平日　　　７:00〜23:00（LO22:30）　　　　　（7:00～11:00朝ラーメン）土、日　　11:00～23:00（LO22:30）,～￥999,無,11席,無
つけ麺 えん寺 吉祥寺総本店（つけめんえんじ）,武蔵野市吉祥寺南町1-1-1 南陽ビル　1F,武蔵野市,3.69,1183,37455,[月〜金]11:00～16:00、17:30～22:00(L.O.)[土・日・祝]11:00～22:00(L.O.),[月〜金]11:00～16:00、17:30～22:00(L.O.)[土・日・祝]11:00～22:00(L.O.),～￥999,無,13席,無
支那そば屋 こうや,新宿区四谷1-23 上野ＫＧビル 1Ｆ,新宿区,3.69,1139,39173,～年末年始の営業日程～12/30～2024/1/3：休業1/4以降：通常営業[月～金]11:30～22:00（L.O21:45）[土]11:30～21:00（L.O20:45）[祝日]Twitter（＠yotsuya_koya）やGoogleビジネスプロフィールをご確認下さい。※各日とも食材等の在庫状況により閉店時間やL.Oが早まる場合があります,～年末年始の営業日程～12/30～2024/1/3：休業1/4以降：通常営業[月～金]11:30～22:00（L.O21:45）[土]11:30～21:00（L.O20:45）[祝日]Twitter（＠yotsuya_koya）やGoogleビジネスプロフィールをご確認下さい。※各日とも食材等の在庫状況により閉店時間やL.Oが早まる場合があります,"￥3,000～￥3,999",無,60席,無
家系ラーメン まこと家（まことや）,品川区南品川3-1-10 MGグレート 1F,品川区,3.69,1113,30644,9:30～翌3:00,9:30～翌3:00,"￥1,000～￥1,999",無,18席,無
鶏そば 三歩一,新宿区高田馬場2-14-9 明芳ビル１Ｆ,新宿区,3.69,1051,30357,11:00〜15:0017:00〜23:30（L.O.23:15）※スープなくなり次第終了,11:00〜15:0017:00〜23:30（L.O.23:15）※スープなくなり次第終了,～￥999,無,12席,無
楽観 西麻布（【旧店名】楽観 NISHIAZABU GOLD）,港区西麻布1-8-12,港区,3.69,943,40249,[月‐土・祝]11:00～16:0018:00～22:00[日]11:00～19:00,[月‐土・祝]11:00～16:0018:00～22:00[日]11:00～19:00,"￥1,000～￥1,999",無,7席,無
来々軒,江東区東陽3-21-4 ライオンズマンション　1F,江東区,3.69,925,36259,10:30～15:00、17:00～20:00,10:30～15:00、17:00～20:00,"￥1,000～￥1,999",無,15席,無
本家 第一旭 新宿店,新宿区新宿1-13-7 東宝ビル 1F,新宿区,3.69,894,32251,【月曜日〜土曜日】11:00～22:00【日曜日】11:00～18:00,【月曜日〜土曜日】11:00～22:00【日曜日】11:00～18:00,"￥1,000～￥1,999",無,10席,無
たけちゃんにぼしらーめん,調布市布田1-47-1 辰巳ビル 1F,調布市,3.69,892,14359,［月・水・木・金］11:30～14:4518:00～21:45［火・日］11:30～15:15［土］11:30～16:4518:00～21:45スープがなくなりしだい閉店,［月・水・木・金］11:30～14:4518:00～21:45［火・日］11:30～15:15［土］11:30～16:4518:00～21:45スープがなくなりしだい閉店,～￥999,無,32席,無
うさぎ,渋谷区神泉町8-13 アーガス霜田ビル 1F,渋谷区,3.69,871,44406,［月～金］11:30～14:30（L.O.）,［月～金］11:30～14:30（L.O.）,～￥999,無,11席,無
和利道（わりと）,目黒区青葉台3-7-10 Cross One 1F,目黒区,3.69,870,32992,[月・木・金・土・日]11:00～15:30、18:00～21:00[火]11:00～15:30※材料切れ終了する場合有り,[月・木・金・土・日]11:00～15:30、18:00～21:00[火]11:00～15:30※材料切れ終了する場合有り,"￥1,000～￥1,999",無,12席,無
用心棒,千代田区神田神保町2-2-21 土田ビル １Ｆ,千代田区,3.69,832,23344,[月～金]11:00～15:00 (L.O.)17:00～21:00 (L.O.)[土・祝]11:00～15:45 (L.O.),[月～金]11:00～15:00 (L.O.)17:00～21:00 (L.O.)[土・祝]11:00～15:45 (L.O.),～￥999,無,10席,無
超多加水自家製手揉み麺 きたかた食堂,千代田区神田神保町1-6 神保町サンビルディング 1F,千代田区,3.69,812,23701,【平日】　11:00～21:00【土日祝】11:00～20:00,【平日】　11:00～21:00【土日祝】11:00～20:00,～￥999,無,15席,無
四川料理 龍の子,渋谷区神宮前1-8-5 メナー神宮前 B1Ｆ,渋谷区,3.69,736,53738,※営業日・営業時間は、変更になることがございます。ホームページやFacebook、Instagram等で最新情報をご確認ください。※料理教室はしばらくの間お休み。[月・火・木・金・土（第２土曜日料理教室）・祝]11:30～15:00(L.O.14:30) 17:30～21:30(入店20:30まで/20:45 LO)　※第二土曜日ディナーは、１８：００オープン,※営業日・営業時間は、変更になることがございます。ホームページやFacebook、Instagram等で最新情報をご確認ください。※料理教室はしばらくの間お休み。[月・火・木・金・土（第２土曜日料理教室）・祝]11:30～15:00(L.O.14:30) 17:30～21:30(入店20:30まで/20:45 LO)　※第二土曜日ディナーは、１８：００オープン,"￥6,000～￥7,999",無,29席,無
ただいま変身中,中野区中野5-53-3 松本ビル 101,中野区,3.69,721,31051,【月曜～日曜】＜ランチ＞11:00～15:30（LO 15 :10）＜ディナー＞17:00～21:15（LO 21:00）【祝日】＜ランチ＞11:00～15:30（LO 15:10）＜ディナー＞17:00～20:00（LO 19:40）1月3日より通常通り営業しております！,【月曜～日曜】＜ランチ＞11:00～15:30（LO 15 :10）＜ディナー＞17:00～21:15（LO 21:00）【祝日】＜ランチ＞11:00～15:30（LO 15:10）＜ディナー＞17:00～20:00（LO 19:40）1月3日より通常通り営業しております！,～￥999,無,11席,無
ラーメン燈郎（とうろう）,葛飾区東新小岩1-1-1,葛飾区,3.69,683,17178,【月～日】11:30～15:00／18:00～22:00,【月～日】11:30～15:00／18:00～22:00,～￥999,無,11席,無
喜多方食堂 浅草本店,台東区元浅草4-7-15 中澤第1ビル 1F,台東区,3.69,614,15862,月〜日　7:00～15:00（朝ラー営業中）※スープがなくなりましたら早期終了致します。,月〜日　7:00～15:00（朝ラー営業中）※スープがなくなりましたら早期終了致します。,～￥999,無,22席,無
ラーメン二郎 上野毛店（らーめんじろう）,世田谷区上野毛1-26-16,世田谷区,3.69,562,8288,[月～金]11:00～14:15 18:00～22:00 [土]11:00～14:30,[月～金]11:00～14:15 18:00～22:00 [土]11:00～14:30,～￥999,無,11席,無
バサノバ（BASSANOVA）,世田谷区羽根木1-4-18 新代田たちばな荘 1F,世田谷区,3.69,506,25211,[全日]11:00～22:00(21:45L.O.）,[全日]11:00～22:00(21:45L.O.）,"￥1,000～￥1,999",無,14席,無
麺汁食膳 好日（こうじつ）,中野区東中野1-53-7 ＭＫハウス 1Ｆ,中野区,3.69,502,16413,11:30～14:30 17:30～20:30,11:30～14:30 17:30～20:30,～￥999,無,22席,無
中華蕎麦 無冠,品川区西五反田2-6-1 石塚ビル 1F,品川区,3.69,476,16499,前日21:00に翌日の営業時間をXで発表。下記のパターンが多いがこれに限らない昼11:00～14:30夜18:00～21:30,前日21:00に翌日の営業時間をXで発表。下記のパターンが多いがこれに限らない昼11:00～14:30夜18:00～21:30,"￥1,000～￥1,999",無,6席,無
Ramen Afro Beats,新宿区新宿1-16-10,新宿区,3.69,470,13844,[火～土]11:00～14:3017:30～20:00[日]11:00～16:00,[火～土]11:00～14:3017:30～20:00[日]11:00～16:00,"￥1,000～￥1,999",無,10席,無
ラーメン二郎 立川店（らーめんじろう）,立川市柴崎町2-10-1,立川市,3.69,416,5010,昼11:00～14:30夜17:30～20:30,昼11:00～14:30夜17:30～20:30,～￥999,無,12席,無
輝道家（キドウヤ）,中野区野方5-24-6 松金ビル 1F,中野区,3.69,382,13196,[月～日]11:00～21:00,[月～日]11:00～21:00,～￥999,無,10席,無
広尾はしづめ,港区南麻布5-16-10 カルチェブラン広尾 2F,港区,3.69,381,37124,11:30～15:00　(L.O.14:30) 18:00～22:30　(L.O.21:00),11:30～15:00　(L.O.14:30) 18:00～22:30　(L.O.21:00),"￥5,000～￥5,999",無,20席,無
RAMEN MATSUI,新宿区四谷4-25-10 ダイアパレス御苑前 B-2,新宿区,3.69,347,12994,[平日]11:00～15:00[土・日・祝]11:00～16:00※平日は15:00、土日祝は16:00迄にご来店、もしくはお並びいただければご提供可能です。味によって売り切れの可能性もありますので予めご了承ください。,[平日]11:00～15:00[土・日・祝]11:00～16:00※平日は15:00、土日祝は16:00迄にご来店、もしくはお並びいただければご提供可能です。味によって売り切れの可能性もありますので予めご了承ください。,"￥1,000～￥1,999",無,8席,無
ワンタンメンの満月 三鷹店,三鷹市下連雀4-16-15 東洋三鷹コーポ 104,三鷹市,3.69,341,19400,11:30～19:30(L.O.),11:30～19:30(L.O.),～￥999,無,24席,無
中華そば 心（麺処 こころ）,府中市清水が丘3-29-3,府中市,3.69,308,7447,[月]11:00～15:00[木～日]11:00～15:0018:00～21:00,[月]11:00～15:00[木～日]11:00～15:0018:00～21:00,"￥1,000～￥1,999",無,6席,無
麺尊RAGE RENEGADES（麺尊レイジ レネゲイズ）,小平市花小金井2-18-17,小平市,3.69,287,6919,【月〜金】11:00～15:00 18:00～21:00（L.O.閉店5分前）【土・日・祝】11:00～21:00（L.O.閉店5分前）,【月〜金】11:00～15:00 18:00～21:00（L.O.閉店5分前）【土・日・祝】11:00～21:00（L.O.閉店5分前）,"￥1,000～￥1,999",有,22席,有
煮干し中華そば 山形屋,足立区竹の塚3-5-1,足立区,3.69,261,8755,[火～金]11:00～14:30［土］11:00～14:30 17:00～19:45[日]11:00～14:30 17:00～19:30,[火～金]11:00～14:30［土］11:00～14:30 17:00～19:45[日]11:00～14:30 17:00～19:30,"￥1,000～￥1,999",有,11席,有
麺家 龍（Ryo）,杉並区荻窪4-32-8 パインマンション荻窪 1F,杉並区,3.69,254,8225,[火～土]11:00～15:0017:00～20:00[日]11:00～16:00,[火～土]11:00～15:0017:00～20:00[日]11:00～16:00,"￥1,000～￥1,999",無,8席,無
DURAMENTEI（ドゥラメンテイ）,江東区亀戸3-45-15 鈴木ビル 1F,江東区,3.69,250,9127,[月・木・日]11:00～15:00[水・金・土]11:00～15:0017:00～20:30,[月・木・日]11:00～15:00[水・金・土]11:00～15:0017:00～20:30,"￥1,000～￥1,999",無,7席,無
麺 みつヰ,台東区寿2-9-15,台東区,3.69,247,7704,[火～金]11:00～14:3018:00～20:00[土]11:00～16:00,[火～金]11:00～14:3018:00～20:00[土]11:00～16:00,"￥1,000～￥1,999",無,10席,無
佐々木製麺所,杉並区西荻窪北4-26-10 山愛コーポラス 104,杉並区,3.69,193,8371,11:00～15:00,11:00～15:00,"￥1,000～￥1,999",無,8席,無
中華そばや 和凡,清瀬市松山1-20-4,清瀬市,3.69,189,5030,11:30～14:3017:30～21:00,11:30～14:3017:30～21:00,～￥999,無,7席,無
たかのちゅめ,小平市花小金井1-6-32 共立ビル 1F,小平市,3.69,151,4048,[月・火・木・金・土・日・祝]11:00～14:30(L.O.14:20)18:00～21:00(L.O.20:50),[月・火・木・金・土・日・祝]11:00～14:30(L.O.14:20)18:00～21:00(L.O.20:50),～￥999,無,19席,無
オールドラーメンショップ 逆流,北区西が丘3-1-3 1F,北区,3.69,149,5892,[月・水・木・金]11:00～15:00[土・日・祝]11:00～16:00(L.O.15:30),[月・水・木・金]11:00～15:00[土・日・祝]11:00～16:00(L.O.15:30),～￥999,無,17席,無
たなか青空笑店（【旧店名】麺処 たなか笑店）,西東京市東伏見1-1-18,西東京市,3.69,142,3283,11:00～15:0018:00～21:00(L.O.20:45),11:00～15:0018:00～21:00(L.O.20:45),～￥999,無,情報なし席,無
龍朋（りゅうほう）,新宿区矢来町123 第一矢来ビル Ｂ１,新宿区,3.68,2034,99518,[月～土]11:00～22:00,[月～土]11:00～22:00,～￥999,無,30席,無
焼きあご塩らー麺 たかはし 新宿本店,新宿区歌舞伎町1-27-3 KKビル 1F,新宿区,3.68,2023,54982,平日　11:00～23:30(LO23:20)土日祝10:00～23:30(LO23:20),平日　11:00～23:30(LO23:20)土日祝10:00～23:30(LO23:20),～￥999,無,13席,無
真鯛らーめん 麺魚 本店,墨田区江東橋2-8-8 パークサイドマンション 1F,墨田区,3.68,1860,64107,11:00～21:00,11:00～21:00,"￥1,000～￥1,999",無,16席,無
らぁめん ほりうち 新橋店,港区新橋3-19-4 桜井ビル 1F,港区,3.68,1566,31851,[月～金]   7:00～翌3:00[土] 11:00～翌3:00[日・祝] 11:00～23:00,[月～金]   7:00～翌3:00[土] 11:00～翌3:00[日・祝] 11:00～23:00,"￥1,000～￥1,999",無,22席,無
らーめん 潤 蒲田店（らーめん じゅん）,大田区蒲田5-20-7,大田区,3.68,1469,35123,[月～木・日・祝]10:00～24:00(L.O.23:45)[金・土]10:00～25:00(L.O.24:45),[月～木・日・祝]10:00～24:00(L.O.23:45)[金・土]10:00～25:00(L.O.24:45),"￥1,000～￥1,999",無,16席,無
餃子の王さま（ギョウザノオウサマ）,台東区浅草1-30-8,台東区,3.68,1417,81569,[平日]11:15〜14:00(L.O)16:00〜20:00(L.O)[土・日]11:15〜20:00(L.O),[平日]11:15〜14:00(L.O)16:00〜20:00(L.O)[土・日]11:15〜20:00(L.O),"￥1,000～￥1,999",無,31席,無
ラーメン二郎 池袋東口店（らーめんじろう）,豊島区南池袋2-27-17 １Ｆ,豊島区,3.68,1123,15316,[火～日]10:30～16:30,[火～日]10:30～16:30,～￥999,無,13席,無
ちばき屋（ちばきや）,江戸川区東葛西6-15-2,江戸川区,3.68,850,22252,[月～金] 11:30～14:4517:00～22:00[土・日・祝]11:30～22:00,[月～金] 11:30～14:4517:00～22:00[土・日・祝]11:30～22:00,"￥1,000～￥1,999",無,23席,無
亀戸ぎょうざ 両国支店,墨田区両国4-34-10,墨田区,3.68,750,25939,[月～金]11:30～15:00(L.O14:40)17:00～21:00(L.O20:40)[土日祝日]11:00～21:00(L.O20:40(餃子が無くなり次第終了),[月～金]11:30～15:00(L.O14:40)17:00～21:00(L.O20:40)[土日祝日]11:00～21:00(L.O20:40(餃子が無くなり次第終了),"￥1,000～￥1,999",無,29席,無
らぁ麺 くろ渦,新宿区新宿3-7-8,新宿区,3.68,729,19309,11:00～23:00,11:00～23:00,"￥1,000～￥1,999",無,15席,無
鳥政（とりまさ）,港区南青山3-13-2 山川ビル　１Ｆ,港区,3.68,701,58875,[月～土]11:30～14:0017:00～23:00(L.O.22:00),[月～土]11:30～14:0017:00～23:00(L.O.22:00),"￥6,000～￥7,999",無,10席,無
麺や 麦ゑ紋（ムギエモン）,新宿区西新宿7-4-6 ストーク新宿井岡 1F,新宿区,3.68,675,30273,11:00～23:00,11:00～23:00,～￥999,無,23席,無
らーめん 福籠,台東区柳橋1-13-4 丹羽ビル １Ｆ,台東区,3.68,666,22502,11:00～15:00（L.O.14:30）18:00～22:00（L.O.21:30）,11:00～15:00（L.O.14:30）18:00～22:00（L.O.21:30）,～￥999,無,18席,無
中華そば ふくもり 駒沢本店,世田谷区野沢4-9-18,世田谷区,3.68,641,18096,［月～水・金］11:00～15:0017:00～22:30［土・日・祝］11:00～16:0017:00～22:30,［月～水・金］11:00～15:0017:00～22:30［土・日・祝］11:00～16:0017:00～22:30,～￥999,無,23席,無
かね田（KANEDA）,千代田区丸の内2-7-2 JPタワー B1F,千代田区,3.68,619,24613,［平日］11:00～22:00（L.O.21:30）［土日祝］11:00～21:00（L.O.20:30）,［平日］11:00～22:00（L.O.21:30）［土日祝］11:00～21:00（L.O.20:30）,"￥1,000～￥1,999",有,16席,有
臥龍（がりゅう）,世田谷区三軒茶屋1-35-3 山田体育施設ビル　１Ｆ,世田谷区,3.68,617,22670,［月・木・金・土・日・祝］12:00～14:3018:00～22:00［水］18:00～22:00,［月・木・金・土・日・祝］12:00～14:3018:00～22:00［水］18:00～22:00,"￥1,000～￥1,999",無,10席,無
はすの里 新御徒町本店（【旧店名】いなかむら）,台東区台東4-3-1,台東区,3.68,566,40221,ランチ11:30～14:30  (LO14:00) カード使用不可ディナー17:30～22:00(LO21:00)カード使用可※土曜日・日曜日・祝日はランチ営業しておりません。定休日：火曜日ご予約は2名様より承ります。,ランチ11:30～14:30  (LO14:00) カード使用不可ディナー17:30～22:00(LO21:00)カード使用可※土曜日・日曜日・祝日はランチ営業しておりません。定休日：火曜日ご予約は2名様より承ります。,"￥3,000～￥3,999",無,27席,無
麺屋 優創,新宿区百人町2-19-11 サニーコープ エトナ1F,新宿区,3.68,521,14016,11:30～20:00（L.O.19:30）,11:30～20:00（L.O.19:30）,～￥999,無,21席,無
らーめん 七彩飯店,中央区八重洲2-1 八重洲地下街 八重洲地下2番通り,中央区,3.68,521,12096,11:00～22:00,11:00～22:00,"￥1,000～￥1,999",無,18席,無
ラーメン二郎 環七新新代田店（らーめんじろう）,世田谷区代田5-29-5 櫻井ビル 1F,世田谷区,3.68,488,7998,[火～日]11:00～15:00,[火～日]11:00～15:00,～￥999,無,8席,無
いつみ屋（いつみや）,府中市本町1-7-2,府中市,3.68,478,11075,[月・木・金]10:40～15:3017:00～20:00 [土・日・祝]10:40～15:30,[月・木・金]10:40～15:3017:00～20:00 [土・日・祝]10:40～15:30,～￥999,無,9席,無
馥香 浅草橋本店（フーシャン アサクサバシホンテン）,台東区柳橋2-14-2 アリス・マナーガーデン浅草橋　１Ｆ,台東区,3.68,478,25027,[月～土]11:30～14:30(L.O.14:00)17:30～23:00(L.O.21:30),[月～土]11:30～14:30(L.O.14:00)17:30～23:00(L.O.21:30),"￥6,000～￥7,999",無,46席,無
麺創研 紅（くれない）,府中市宮町1-100,府中市,3.68,478,13190,11:00～22:30 ⭕中休みナシ・通し営業,11:00～22:30 ⭕中休みナシ・通し営業,～￥999,無,23席,無
Homemade Ramen 青麦（ホームメイド ラーメン アオムギ）,大田区大森北2-4-8 宏和ハイツ 1F,大田区,3.68,474,11261,[月～日]11:00～14:30(L.O.)18:00～21:00(L.O.),[月～日]11:00～14:30(L.O.)18:00～21:00(L.O.),"￥1,000～￥1,999",無,9席,無
ラーメン富士丸 神谷本店（らーめんふじまる【旧店名】ラーメン○二郎 らーめんまるじろう）,北区神谷3-29-11,北区,3.68,444,19843,[火～日]18:00～24:00,[火～日]18:00～24:00,～￥999,無,20席,無
味噌麺処 田坂屋,豊島区西池袋3-30-2 フェリース西池袋 1F,豊島区,3.68,441,15006,11:00～21:00,11:00～21:00,～￥999,無,9席,無
setouchi noodle ねいろ屋,杉並区天沼3-6-24,杉並区,3.68,440,25924,最新の情報はTwitterをご覧ください。[月～金]11:30～20:30[土・日・祝]11:30〜20:30,最新の情報はTwitterをご覧ください。[月～金]11:30～20:30[土・日・祝]11:30〜20:30,"￥1,000～￥1,999",無,10席,無
横濱ラーメン あさが家,杉並区阿佐谷北1-26-5 1F,杉並区,3.68,433,10136,11:00～翌1:00『16:00〜17:00はスープの仕込み休憩です。』スープなくなり次第終了。,11:00～翌1:00『16:00〜17:00はスープの仕込み休憩です。』スープなくなり次第終了。,～￥999,無,16席,無
麺処 まるよし商店,練馬区桜台1-3-10,練馬区,3.68,432,13715,11:00～15:30（閉店時間前にスープ終了の可能性あり）,11:00～15:30（閉店時間前にスープ終了の可能性あり）,～￥999,無,8席,無
丸 中華そば,品川区大井1-20-20,品川区,3.68,427,18622,［月～金］11:30～15:00 18:00～20:00［土］11:30～15:00,［月～金］11:30～15:00 18:00～20:00［土］11:30～15:00,"￥1,000～￥1,999",無,9席,無
MENYA NAKAGAWA（メンヤ ナカガワ）,豊島区池袋2-38-7,豊島区,3.68,422,12697,2022年12月11:00～21:00,2022年12月11:00～21:00,"￥1,000～￥1,999",無,情報なし席,無
ラーメン二郎 西台駅前店,板橋区蓮根3-9-7,板橋区,3.68,415,5962,[月・火・木・金]11:00～13:3017:30～20:30[水]11:30～13:30[土]9:30～12:30,[月・火・木・金]11:00～13:3017:30～20:30[水]11:30～13:30[土]9:30～12:30,～￥999,無,11席,無
麺屋翔 みそ処,新宿区西新宿7-19-9,新宿区,3.68,395,9603,[月～日]11:00～15:00 / 18:00～22:00（LO21：45）材料切れ次第　終了　詳細はtwitterにて年末年始の営業のお知らせです。31日　通常営業　（材料切れ次第終了）1日　お休み２日　お休み3日　通常営業,[月～日]11:00～15:00 / 18:00～22:00（LO21：45）材料切れ次第　終了　詳細はtwitterにて年末年始の営業のお知らせです。31日　通常営業　（材料切れ次第終了）1日　お休み２日　お休み3日　通常営業,～￥999,無,12席,無
自家製麺 伊藤 神田駅前店,千代田区鍛冶町2-12-13,千代田区,3.68,395,9183,［月～金］11:00～24:00［土・日・祝］11:00～20:00,［月～金］11:00～24:00［土・日・祝］11:00～20:00,～￥999,無,7席,無
背脂煮干中華そば 和市,港区新橋3-14-6 駒場ビル 1F,港区,3.68,386,11429,11:00〜15:0017:00〜21:00,11:00〜15:0017:00〜21:00,～￥999,無,11席,無
BASSO 江戸川橋（バッソ）,新宿区山吹町130-15,新宿区,3.68,383,11986,火～土曜11:30～15:30 / 18:00～21:00（LO20:45）日曜11:30～15:30,火～土曜11:30～15:30 / 18:00～21:00（LO20:45）日曜11:30～15:30,"￥1,000～￥1,999",無,10席,無
麺屋 愛心 町屋店,荒川区荒川7-39-3 シティハイム町屋 1F,荒川区,3.68,378,16623,11:00～15:00 17:30～22:00,11:00～15:00 17:30～22:00,"￥1,000～￥1,999",無,情報なし席,無
中華そば わた井,足立区谷中2-9-2,足立区,3.68,372,7925,11:00～15:0018:00～20:00,11:00～15:0018:00～20:00,"￥1,000～￥1,999",無,10席,無
北千住煮干中華蕎麦 かれん,足立区千住2-52,足立区,3.68,368,7678,[月・水・金]11:00～15:0018:00～23:00(22:45L.O)[火・木・土・日・祝]11:00～23:00(22:45L.O),[月・水・金]11:00～15:0018:00～23:00(22:45L.O)[火・木・土・日・祝]11:00～23:00(22:45L.O),"￥1,000～￥1,999",無,7席,無
二階堂,千代田区九段北1-9-14,千代田区,3.68,367,13292,[月～金]11:00～15:00／18:00〜20:30[土]11:30～15:00スープ・材料が無くなり次第終了,[月～金]11:00～15:00／18:00〜20:30[土]11:30～15:00スープ・材料が無くなり次第終了,"￥1,000～￥1,999",無,12席,無
Nii,豊島区南大塚3-46-5 中島第3ビル 1F,豊島区,3.68,366,17910,[月・水・木・金・土・日]11:00～15:0017:00～21:00,[月・水・木・金・土・日]11:00～15:0017:00～21:00,"￥1,000～￥1,999",無,12席,無
富白,台東区台東3-14-10,台東区,3.68,363,13582,,,～￥999,無,11席,無
らぁめん 一福（いちふく）,渋谷区本町2-17-14 小泉ビル 1F,渋谷区,3.68,356,27021,[ 水 木 ]  11:30～14:00 L.O[ 土 日 ]  11:30～14:00 L.O,[ 水 木 ]  11:30～14:00 L.O[ 土 日 ]  11:30～14:00 L.O,～￥999,無,13席,無
支那そば いしはら,杉並区西荻北3-22-22,杉並区,3.68,355,12799,[月・水・木・金]11:30～15:0018:00～21:00[土・日・祝]11:30～21:00,[月・水・木・金]11:30～15:0018:00～21:00[土・日・祝]11:30～21:00,"￥1,000～￥1,999",無,7席,無
らーめん 楓（かえで）,八王子市大和田町5-10-1,八王子市,3.68,348,7088,［月曜日〜金曜日］11:00〜15:30(L.O)17:30〜22:00(L.O)［土・日・祝］11:00〜21:00,［月曜日〜金曜日］11:00〜15:30(L.O)17:30〜22:00(L.O)［土・日・祝］11:00〜21:00,～￥999,有,18席,有
トーキョーニューミクスチャーヌードル 八咫烏 CHIKARABO（ヤタガラス チカラボ）,千代田区神田三崎町3-7-13 三大ビル B1F,千代田区,3.68,327,11282,［月～金]11:00～15:00(L.O.14:45)18:00～21:00(L.O.20:45)［土]11:00～15:00(L.O.14:45),［月～金]11:00～15:00(L.O.14:45)18:00～21:00(L.O.20:45)［土]11:00～15:00(L.O.14:45),"￥1,000～￥1,999",無,16席,無
ビンギリ,杉並区桃井1-12-16,杉並区,3.68,320,24118,12:00～14:30,12:00～14:30,～￥999,無,7席,無
手打ち中華そば 竹の助,町田市三輪町165-2,町田市,3.68,306,7226,11:00～15:00(2022年7月から営業時間が変わりました。夜の営業はございません),11:00～15:00(2022年7月から営業時間が変わりました。夜の営業はございません),～￥999,有,8席,有
手打ち正麺 Hachimitsu（八光）,品川区西五反田1-33-10 サインタワー B1F,品川区,3.68,288,6458,[月～土］11:45～15:00(L.O.)17:30～21:00(L.O.),[月～土］11:45～15:00(L.O.)17:30～21:00(L.O.),"￥1,000～￥1,999",無,13席,無
元祖一条流 がんこラーメン 立川たま館分店,立川市錦町1-2-16 立川アーバンホテル 立川らーめんたま館,立川市,3.68,251,5105,11:00～23:00,11:00～23:00,"￥1,000～￥1,999",無,8席,無
ラーメン二郎 めじろ台店,八王子市椚田町513-9,八王子市,3.68,245,3951,［月・火・水・金・土］11:00～14:3017:30～20:30［日］11:00～15:00,［月・火・水・金・土］11:00～14:3017:30～20:30［日］11:00～15:00,～￥999,有,18席,有
タナカ ロボ（TANAKA.LOBO）,世田谷区桜3-8-15,世田谷区,3.68,239,12138,[水～日］11:00～16:00,[水～日］11:00～16:00,～￥999,無,6席,無
らーめん凛々,福生市熊川1655-3,福生市,3.68,227,5131,11:00～14:00,11:00～14:00,"￥1,000～￥1,999",有,5席,有
自家製麺 福は内,新宿区住吉町6-12 井上第3ビル,新宿区,3.68,198,6358,11:00～15:0017:00～21:00,11:00～15:0017:00～21:00,～￥999,無,5席,無
La Maison du Ramen ビスク（ラ メゾン デュ ラーメン）,北区東十条4-10-6 グリーンコーポ 101,北区,3.68,190,10800,[水・木・土・日]11:30～15:00(L.O.)［金］11:30～14:30(L.O.) 17:30～20:30(L.O.),[水・木・土・日]11:30～15:00(L.O.)［金］11:30～14:30(L.O.) 17:30～20:30(L.O.),"￥1,000～￥1,999",無,6席,無
しおらーめん進化 2nd,町田市大蔵町337-1 第二工藤ビル 1F,町田市,3.68,181,3528,11:30〜15:00 18:00〜22:00,11:30〜15:00 18:00〜22:00,"￥1,000～￥1,999",有,20席,有
中華蕎麦 麺とスープ,福生市本町86,福生市,3.68,159,3140,10:00～21:00麺、スープが無くなり次第終了,10:00～21:00麺、スープが無くなり次第終了,"￥1,000～￥1,999",無,8席,無
東京アンダーグラウンドラーメン 頑者（TOKYO UNDERGROUND RAMEN 頑者）,豊島区西池袋1-1-30 東武ホープセンター B1F,豊島区,3.67,1322,28935,10:00～22:00,10:00～22:00,～￥999,有,24席,有
味噌屋 八郎商店 新宿店,新宿区西新宿7-5-5 プラザ西新宿 102,新宿区,3.67,1110,34655,11:00～23:00（ラストオーダー 23:00）※麺・スープが無くなり次第営業終了となります。ご了承ください。,11:00～23:00（ラストオーダー 23:00）※麺・スープが無くなり次第営業終了となります。ご了承ください。,～￥999,無,12席,無
浅草名代らーめん 与ろゐ屋（Asakusa Ramen Yoroiya）,台東区浅草1-36-7,台東区,3.67,944,35858,年中無休※2/15(木)16(金)はメンテナンス工事の為臨時休業いたします※全日　　　11:00～21:00 閉店 L.O.20:30,年中無休※2/15(木)16(金)はメンテナンス工事の為臨時休業いたします※全日　　　11:00～21:00 閉店 L.O.20:30,～￥999,無,32席,無
ラーメン 雷 東京本丸店,千代田区丸の内1-9-1 グランスタ東京 1F,千代田区,3.67,918,18400,［月～土］8:00～21:30［日・祝］8:00～20:30,［月～土］8:00～21:30［日・祝］8:00～20:30,"￥1,000～￥1,999",無,11席,無
六厘舎 大崎店,品川区大崎2-11 大崎ウィズシティ 1F,品川区,3.67,879,16308,[月～金]11:00～23:00(L.O.22:30)[土・日・祝]11:00～22:30(L.O.22:00),[月～金]11:00～23:00(L.O.22:30)[土・日・祝]11:00～22:30(L.O.22:00),"￥1,000～￥1,999",無,26席,無
づゅる麺 池田,目黒区目黒1-6-12,目黒区,3.67,823,24045,11:30～15:00頃,11:30～15:00頃,～￥999,無,8席,無
博多長浜らーめん ぼたん 大塚本店,豊島区北大塚2-12-3 ドルミ大塚 1F,豊島区,3.67,759,19283,11:00～翌2:00,11:00～翌2:00,～￥999,無,26席,無
中華そば 高はし,千代田区飯田橋3-11-30 千代田街ビル　１Ｆ,千代田区,3.67,731,20539,［月～金］11:30～14:0017:00～売り切れ次第終了［土］11:30～18:00,［月～金］11:30～14:0017:00～売り切れ次第終了［土］11:30～18:00,"￥1,000～￥1,999",無,9席,無
Renge no Gotoku（レンゲノゴトク）,渋谷区桜丘町16-7 鈴木ビル 1F,渋谷区,3.67,666,33208,11:00〜19:00,11:00〜19:00,～￥999,無,16席,無
宍道湖しじみ中華蕎麦 琥珀 池袋店,豊島区池袋2-48-7 アパホテル 池袋駅北口 1F,豊島区,3.67,566,14960,11:00〜15:0018:00〜22:00（最終入店 21:30）,11:00〜15:0018:00〜22:00（最終入店 21:30）,"￥1,000～￥1,999",有,19席,有
本田麺業 神田西口駅前店,千代田区内神田3-7-8 サトウハウスビル 1F,千代田区,3.67,547,17679,[月～日]11:00～22:00,[月～日]11:00～22:00,"￥1,000～￥1,999",無,18席,無
信濃神麺 烈士洵名（しなのしんめんれっしじゅんめい）,文京区西片1-15-6,文京区,3.67,526,15204,11:00～15:00 18:00～翌2:00,11:00～15:00 18:00～翌2:00,～￥999,無,14席,無
らぁめん 生姜は文化。,文京区本駒込6-6-2 沢谷ビル1F,文京区,3.67,508,18171,[月～金]11:00～15:0017:00～20:00[土・日・祝]11:00～20:00,[月～金]11:00～15:0017:00～20:00[土・日・祝]11:00～20:00,～￥999,無,13席,無
麺屋 味方,港区新橋4-6-10,港区,3.67,504,18820,,,～￥999,無,6席,無
インディアン 本店,大田区西蒲田6-26-3 SSビル 1F,大田区,3.67,448,26544,,,"￥1,000～￥1,999",無,17席,無
自家製麺つけそば 九六,狛江市東和泉3-7-9,狛江市,3.67,442,15046,[火・水・木]11:30～15:0018:00～20:00[金・土]11:30～15:00※スープ、麺が終了次第閉店,[火・水・木]11:30～15:0018:00～20:00[金・土]11:30～15:00※スープ、麺が終了次第閉店,～￥999,有,10席,有
燕三条 豊潤亭,小金井市本町2-6-10 シティライブ武蔵小金井 1F,小金井市,3.67,439,10792,[平日・土日祝]10:00～23:00（L.O）※10:00から営業‼︎※材料なくなり次第早じまいあります。,[平日・土日祝]10:00～23:00（L.O）※10:00から営業‼︎※材料なくなり次第早じまいあります。,～￥999,無,9席,無
麺家 たいせい,中野区中央2-2-1 ベル中野坂上,中野区,3.67,425,16422,11:00～20:00,11:00～20:00,～￥999,無,14席,無
ガンコンヌードル（GANCON NOODLE）,北区中里1-3-3 板橋ビル 1F,北区,3.67,424,14919,11:00～21:00(従来は22時迄の営業。コロナのため時短営業中),11:00～21:00(従来は22時迄の営業。コロナのため時短営業中),"￥1,000～￥1,999",無,8席,無
いずみ家,大田区東馬込1-12-2,大田区,3.67,413,12555,[月・火・木・金・土・日]11:00～15:00 17:00～20:00,[月・火・木・金・土・日]11:00～15:00 17:00～20:00,"￥1,000～￥1,999",無,15席,無
こいけのいえけい,文京区千石4-25-6 夏野マンション102,文京区,3.67,404,13347,昼の部  11:00～15:00夜の部  17:30～21:00,昼の部  11:00～15:00夜の部  17:30～21:00,～￥999,無,8席,無
中華そば つけそば 伊蔵八本店,荒川区西日暮里5-21-2,荒川区,3.67,400,8190,,,～￥999,無,9席,無
貝麺 みかわ,世田谷区北沢2-25-4,世田谷区,3.67,399,14037,11:00～15:00(L.O.14:50)17:00～21:00(L.O.20:45),11:00～15:00(L.O.14:50)17:00～21:00(L.O.20:45),～￥999,無,7席,無
じゃぐら,杉並区高円寺南2-21-7 千代田ビル,杉並区,3.67,380,16276,［月～金］11:30～16:00／18:00～22:00（L.O.21:30）［土・日・祝］11:30～21:00（L.O.20:30）,［月～金］11:30～16:00／18:00～22:00（L.O.21:30）［土・日・祝］11:30～21:00（L.O.20:30）,～￥999,無,11席,無
中華そば つけ麺 甲斐（カイ）,杉並区久我山2-27-1,杉並区,3.67,361,9476,,,～￥999,無,7席,無
ラハメン ヤマン（Yahman）,練馬区栄町22-1,練馬区,3.67,350,9361,11:30～16:00 18:00～21:00,11:30～16:00 18:00～21:00,～￥999,無,9席,無
ラーメン英二,府中市晴見町3-1-22 レジェンドチダ第2ビル 1F,府中市,3.67,330,9779,［月～金］11:30～14:3017:30～20:00※材料切れ終了あり,［月～金］11:30～14:3017:30～20:00※材料切れ終了あり,～￥999,無,10席,無
中華そば 向日葵,三鷹市下連雀1-4-19,三鷹市,3.67,306,12218,11:00～14:30 18:00～21:00,11:00～14:30 18:00～21:00,～￥999,有,7席,有
ラーメン富士丸 西新井大師店（ラーメンフジマル　【旧店名】○二　マルジ）,足立区西新井1-7-7,足立区,3.67,305,10650,［火〜日・祝］18:00～24:00,［火〜日・祝］18:00～24:00,"￥1,000～￥1,999",無,13席,無
ヌードルボウズ n坊（エヌボウ）,台東区浅草橋1-33-5 むさしやビル 1F,台東区,3.67,283,7639,月～金曜日11時～14時45分18時～21時土曜日11時～15時の昼営業のみ日曜日は定休日です,月～金曜日11時～14時45分18時～21時土曜日11時～15時の昼営業のみ日曜日は定休日です,"￥1,000～￥1,999",無,12席,無
麺屋 我論（めんやがろん）,新宿区歌舞伎町1-1-5 Diner5GALLONS 1F,新宿区,3.67,274,14573,11:30〜15:00/18:30〜22:30,11:30〜15:00/18:30〜22:30,～￥999,無,12席,無
麺屋 睡蓮,文京区湯島2-2-1 東邦深澤ビル1F,文京区,3.67,272,10250,［月～金］11:00～15:0018:00～21:00(食べ物L.O.19:45、飲み物L.O.21:00 ）［土］11:00～15:00(材料売切れの場合は閉店),［月～金］11:00～15:0018:00～21:00(食べ物L.O.19:45、飲み物L.O.21:00 ）［土］11:00～15:00(材料売切れの場合は閉店),"￥1,000～￥1,999",無,10席,無
らーめん三極志,荒川区東日暮里 6-10-1 東日暮里十番コープ 1F,荒川区,3.67,257,8237,11:00～15:00 18:00～20:00,11:00～15:00 18:00～20:00,～￥999,無,10席,無
麺屋 HERO（麺屋 ヒーロー）,文京区本駒込5-41-5 松岡ビル 1F,文京区,3.67,245,6352,[月・火・木・金]11:00～14:0018:00～22:00[土・日]10:00～16:00,[月・火・木・金]11:00～14:0018:00～22:00[土・日]10:00～16:00,"￥1,000～￥1,999",無,8席,無
裏サブロン（【旧店名】カリフォルニアフュージョン）,荒川区東日暮里5-1-2,荒川区,3.67,236,15340,,,"￥1,000～￥1,999",無,3席,無
鶯屋,世田谷区砧8-10-1 プラッツ砧 1F,世田谷区,3.67,233,5292,[月～日]11:30～15:0017:00～21:00,[月～日]11:30～15:0017:00～21:00,"￥1,000～￥1,999",無,8席,無
ラーメン二郎 一橋学園店,小平市学園西町2-13-4,小平市,3.67,226,2171,[月・火・水・金]11:00～14:0017:30～20:30[土]11:00～15:0017:30～20:30[日]11:00～16:00,[月・火・水・金]11:00～14:0017:30～20:30[土]11:00～15:0017:30～20:30[日]11:00～16:00,～￥999,無,11席,無
麺や 河野,板橋区赤塚新町2-2-13,板橋区,3.67,226,11041,[水～日]12:00～15:0018:00～21:00[月]12:00～15:00,[水～日]12:00～15:0018:00～21:00[月]12:00～15:00,～￥999,無,10席,無
支那そば あおば（しなそばあおば）,武蔵野市関前4-16-6,武蔵野市,3.67,222,5371,11:00～15:30,11:00～15:30,"￥1,000～￥1,999",無,7席,無
yagu-noodle（ヤグ ヌードル）,江東区千田5-10 青木ビル 1F,江東区,3.67,220,6547,［月〜金］11:00～14:00 18：00～20:00［土］11：00〜14：00  18：00〜20：00[日]（ランチ営業のみ）11:00～14:00,［月〜金］11:00～14:00 18：00～20:00［土］11：00〜14：00  18：00〜20：00[日]（ランチ営業のみ）11:00～14:00,"￥1,000～￥1,999",無,12席,無
きくや（㐂九家）,青梅市今寺5-18-49,青梅市,3.67,214,5744,［火～金］11:30～14:30［土・日］11:00～15:00,［火～金］11:30～14:30［土・日］11:00～15:00,～￥999,有,18席,有
中華そば はな田,世田谷区上北沢4-16-10,世田谷区,3.67,213,9589,火〜土曜日11:00～15:0018:00～21:00（スープがなくなり次第終了）日曜日11:00～15:00,火〜土曜日11:00～15:0018:00～21:00（スープがなくなり次第終了）日曜日11:00～15:00,～￥999,無,17席,無
ramen club トトノエ,葛飾区東金町1-20-14 吉六ビル 1F,葛飾区,3.67,195,4934,11:00～15:30,11:00～15:30,"￥1,000～￥1,999",無,8席,無
麺食堂くにを,国分寺市本町2-25-5,国分寺市,3.67,193,4898,[月・火・木・金・土]11:30～14:40(L.O.)18:00～20:40(L.O.)[水]11:30～14:40(L.O.),[月・火・木・金・土]11:30～14:40(L.O.)18:00～20:40(L.O.)[水]11:30～14:40(L.O.),～￥999,無,7席,無
中華蕎麦 はる,杉並区下井草3-30-14,杉並区,3.67,184,4949,11:30～14:30（L.O.）17:30～20:30（L.O.）,11:30～14:30（L.O.）17:30～20:30（L.O.）,～￥999,無,10席,無
Dad's Ramen 夢にでてきた中華そば,目黒区自由が丘3-7-1,目黒区,3.67,182,10328,[月～金] 11:00～14:00(材料切れ次第終了),[月～金] 11:00～14:00(材料切れ次第終了),"￥1,000～￥1,999",無,7席,無
仙臺自家製麺こいけ屋 分店 綠栽（RYOKUSAI）,葛飾区新小岩2-13-4 佐藤マンション 1F,葛飾区,3.67,175,6315,綠栽(昼営業)11:00～15:00（L.O.14:30）深綠栽(夜営業)17:30〜22:00(Ｌ.O21:30),綠栽(昼営業)11:00～15:00（L.O.14:30）深綠栽(夜営業)17:30〜22:00(Ｌ.O21:30),"￥3,000～￥3,999",無,10席,無
RAMEN WANTO（ラーメン ワントウ）,国分寺市南町3-1-2,国分寺市,3.67,158,4208,[水～日]11:00～15:00(L.O.14:45)18:00～21:00(L.O.20:45)[月]11:00～15:00(L.O.14:45),[水～日]11:00～15:00(L.O.14:45)18:00～21:00(L.O.20:45)[月]11:00～15:00(L.O.14:45),"￥1,000～￥1,999",無,12席,無
中華そば ふくみみ,府中市美好町1-33-1,府中市,3.67,146,4276,11:00～14:00,11:00～14:00,～￥999,無,11席,無
拉麺 瑞笑,国分寺市本町2-13-8,国分寺市,3.67,145,4235,平日11:30〜14:00LO17:30〜20:00LO土　日　祝日11:30〜14:30LO17:30〜20:00LO売り切れ早仕舞いあり,平日11:30〜14:00LO17:30〜20:00LO土　日　祝日11:30〜14:30LO17:30〜20:00LO売り切れ早仕舞いあり,～￥999,無,7席,無
アサガキタ,杉並区阿佐谷北2-11-1,杉並区,3.67,111,3817,[月・木・金・土]11:00～14:30[日]　　　　　　11:00～14:3017:30～20:00,[月・木・金・土]11:00～14:30[日]　　　　　　11:00～14:3017:30～20:00,～￥999,無,9席,無
竹韻飄香（ジュユィンピャオシャン）,渋谷区上原1-17-14 LAビル 1F,渋谷区,3.67,70,10412,18:00～22:00(L.O.21:00)◯年明けより営業時間をディナータイムのみとさせていただきます。当面の間、ランチタイムは休業致します。ディナーコースは当日も受付可能で御座います。お問い合わせお待ち申し上げます。大変恐縮ながら、コース料理のみ提供になります為、ネット予約を申し込み後、お店からの折り返し確認電話が繋がり次第でご予約完了となりますので、ご注意下さいませ。,18:00～22:00(L.O.21:00)◯年明けより営業時間をディナータイムのみとさせていただきます。当面の間、ランチタイムは休業致します。ディナーコースは当日も受付可能で御座います。お問い合わせお待ち申し上げます。大変恐縮ながら、コース料理のみ提供になります為、ネット予約を申し込み後、お店からの折り返し確認電話が繋がり次第でご予約完了となりますので、ご注意下さいませ。,"￥8,000～￥9,999",無,16席,無
すごい煮干ラーメン凪 新宿ゴールデン街店本館（【旧店名】ラーメン凪 煮干王）,新宿区歌舞伎町1-1-10 ゴールデン街(新宿ゴールデン街Ｇ２通り)  2F,新宿区,3.66,2473,67141,24時間営業10/16(月)の営業時間に関して19:00-22:00 一時閉店上記の時間において、撮影が入るため一時閉店の対応をさせていただきます。お客様にはご迷惑をおかけいたしますが、ご了承のほどよろしくお願い申し上げます。,24時間営業10/16(月)の営業時間に関して19:00-22:00 一時閉店上記の時間において、撮影が入るため一時閉店の対応をさせていただきます。お客様にはご迷惑をおかけいたしますが、ご了承のほどよろしくお願い申し上げます。,～￥999,無,10席,無
中国手打拉麺 馬賊 日暮里店（ばぞく）,荒川区西日暮里2-18-2 伊藤ビル 1F,荒川区,3.66,1562,53658,11:00～23:30,11:00～23:30,～￥999,無,32席,無
平太周 味庵（ヒラタイシュウアジアン）,品川区大崎4-2-2 トーカンマンション五反田　１Ｆ,品川区,3.66,1178,37635,[月～土・祝]11:00～23:00[日]11:00～22:00,[月～土・祝]11:00～23:00[日]11:00～22:00,～￥999,無,11席,無
道玄坂 マンモス,渋谷区道玄坂2-10-1,渋谷区,3.66,1070,30818,［月～日］11:30～22:00,［月～日］11:30～22:00,"￥1,000～￥1,999",無,11席,無
博多麺房 赤のれん 西麻布本店（はかためんぼう あかのれん）,港区西麻布3-21-24 第五中岡ビル　１Ｆ,港区,3.66,1057,36667,11:00～翌5:00,11:00～翌5:00,"￥1,000～￥1,999",無,20席,無
銀座鴨そば 九代目けいすけ 銀座店,中央区銀座6-12-15 いちご銀座612ビル 1F,中央区,3.66,1027,32444,11:00～22:00(L.O.21:30),11:00～22:00(L.O.21:30),"￥1,000～￥1,999",無,18席,無
らーめん 谷瀬家,港区新橋3-11-1 イーグル烏森ビル 1F,港区,3.66,992,23194,[月～日]11:00～翌2:00,[月～日]11:00～翌2:00,～￥999,無,12席,無
博多ラーメン しばらく 日本橋店,中央区日本橋蛎殻町2-14-4,中央区,3.66,966,32460,[月～金]11:00～22:30[土・日・祝]11:00～19:30,[月～金]11:00～22:30[土・日・祝]11:00～19:30,"￥1,000～￥1,999",無,32席,無
天鳳（てんほう）,港区六本木7-8-5 ロック＆ロックビル　１Ｆ,港区,3.66,915,33907,[月～金]11:00～22:00[土・祝]11:30～21:00,[月～金]11:00～22:00[土・祝]11:30～21:00,～￥999,無,22席,無
ラーメン 洞くつ家,武蔵野市吉祥寺南町2-2-4,武蔵野市,3.66,875,24363,[火～日・祝]6:00～23:00,[火～日・祝]6:00～23:00,～￥999,無,20席,無
ラーメン二郎 新宿歌舞伎町店,新宿区歌舞伎町2-37-5 日新ビル 1F,新宿区,3.66,856,11181,11:30～翌2:30,11:30～翌2:30,～￥999,無,14席,無
新世界菜館（シンセカイサイカン）,千代田区神田神保町2-2 新世界ビル,千代田区,3.66,831,42441,ランチ　11:00～15:00 (L.O 14:30)ディナー17:00～22:00 (L.O 21:00),ランチ　11:00～15:00 (L.O 14:30)ディナー17:00～22:00 (L.O 21:00),"￥6,000～￥7,999",無,150席,無
中華 味一,目黒区下目黒2-24-7 ハイム7 1F,目黒区,3.66,804,54139,[月～日]11:00～15:0017:30～21:00,[月～日]11:00～15:0017:30～21:00,"￥1,000～￥1,999",無,16席,無
らぁめん冠尾,渋谷区恵比寿西1-7-11 鈴木ビル 1F,渋谷区,3.66,732,26570,"[火水木金土日] 11:30〜15:00, 17:00〜22:00(L.O)","[火水木金土日] 11:30〜15:00, 17:00〜22:00(L.O)",～￥999,無,20席,無
横浜家系らーめん 二代目武道家,中野区中野3-34-32 凱旋ビル 1F,中野区,3.66,725,15830,10:00～翌2:00,10:00～翌2:00,"￥1,000～￥1,999",無,15席,無
らーめん 紬麦（つむぎ）,千代田区神田平河町1 第三東ビル B1F,千代田区,3.66,696,22756,[月〜木]11:30〜14:3018:00〜20:00(L.O.19:40)[金・土]11:30〜14:30(L.O.14:10)2023お盆期間中の営業について８月１２日、１４日〜１７日までの間昼のみの営業材料がなくなり次第終了,[月〜木]11:30〜14:3018:00〜20:00(L.O.19:40)[金・土]11:30〜14:30(L.O.14:10)2023お盆期間中の営業について８月１２日、１４日〜１７日までの間昼のみの営業材料がなくなり次第終了,～￥999,無,12席,無
麺屋33（めんやさんじゅうさん）,千代田区神田神保町1-44 竹本ビル １Ｆ,千代田区,3.66,674,19461,,,～￥999,無,14席,無
ラーメン二郎 亀戸店（らーめんじろう）,江東区亀戸4-35-17 エレガントコーポラス　１０１号,江東区,3.66,674,9587,11:00～14:0017:30～21:00,11:00～14:0017:30～21:00,～￥999,無,12席,無
らーめん えにし,品川区平塚2-18-8 藤井ビル 2F,品川区,3.66,608,16890,[水～金]11:00～15:00(L.O.14:30)17:00～21:30(L.O.21:00)[土・日・祝]11:00～17:30(L.O.17:00),[水～金]11:00～15:00(L.O.14:30)17:00～21:30(L.O.21:00)[土・日・祝]11:00～17:30(L.O.17:00),"￥1,000～￥1,999",無,14席,無
中華そば 竹むら,目黒区目黒1-6-14,目黒区,3.66,588,16075,［月～土］11:00～翌1:30※スープ無くなり次第終了［日］11:00～22:30※スープ無くなり次第終了,［月～土］11:00～翌1:30※スープ無くなり次第終了［日］11:00～22:30※スープ無くなり次第終了,～￥999,無,情報なし席,無
麺家 いし川,港区西新橋2-23-2 日比谷パークビル 1F,港区,3.66,584,17722,,,"￥1,000～￥1,999",無,12席,無
麺屋 翔 みなと,新宿区西新宿1-26-2 新宿野村ビル B2F,新宿区,3.66,573,15769,・平日11:00〜20:00・土日祝11:00〜15:30年末年始の営業のお知らせです。【みなと】30日　　昼営業まで31日　　お休み1日　　　お休み２日　　お休み3日　　営業,・平日11:00〜20:00・土日祝11:00〜15:30年末年始の営業のお知らせです。【みなと】30日　　昼営業まで31日　　お休み1日　　　お休み２日　　お休み3日　　営業,～￥999,無,19席,無
秋葉原ラーメン わいず（【旧店名】麺舎 十紋字）,千代田区外神田3-7-9,千代田区,3.66,568,14422,10:30～22:15※ スープなくなり次第終了,10:30～22:15※ スープなくなり次第終了,～￥999,無,9席,無
一龍（いちりゅう）,世田谷区北沢2-30-11 北沢ビル １Ｆ,世田谷区,3.66,528,24515,11:00～21:00（麺売り切れ次第営業終了）,11:00～21:00（麺売り切れ次第営業終了）,～￥999,無,13席,無
生姜醤油専門 我武者羅 幡ヶ谷本店（がむしゃら）,渋谷区幡ヶ谷2-1-5 弓ビル　１Ｆ,渋谷区,3.66,511,20044,11:30～15:0018:00～23:00※日曜のみ21:00閉店,11:30～15:0018:00～23:00※日曜のみ21:00閉店,～￥999,無,14席,無
川菜館（センサイカン）,千代田区神田駿河台3-7-7,千代田区,3.66,504,22600,ランチ　11：30～15：00（L.O.14：45）ディナー　17：30～22：30（L.O.22：00）※土夜のL.O.21：00 終りは21：30,ランチ　11：30～15：00（L.O.14：45）ディナー　17：30～22：30（L.O.22：00）※土夜のL.O.21：00 終りは21：30,"￥4,000～￥4,999",無,55席,無
中華そば 千乃鶏,世田谷区池尻2-36-11,世田谷区,3.66,484,21299,[平日]11:00～15:00(L.O)17:30～22:00(L.O)[土日祝]11:00～22:00(L.O),[平日]11:00～15:00(L.O)17:30～22:00(L.O)[土日祝]11:00～22:00(L.O),"￥1,000～￥1,999",無,11席,無
ボニート・ボニート,品川区小山4-1-8 いつみハイツ　１０１,品川区,3.66,476,14880,[平日]11:30～14:0018:15～20:00[土・日・祝]11:30～15:0018:15～20:00※売り切れ次第終了になります。※年末は30日15時まで、年始は4日から営業いたします。,[平日]11:30～14:0018:15～20:00[土・日・祝]11:30～15:0018:15～20:00※売り切れ次第終了になります。※年末は30日15時まで、年始は4日から営業いたします。,～￥999,無,10席,無
中華そば ます田,練馬区練馬1-2-2,練馬区,3.66,471,9992,11:00～翌1:30,11:00～翌1:30,～￥999,無,17席,無
ラーメン 宮郎（ラーメン ミヤロウ）,大田区西蒲田7-63-9 パブセブン 1F,大田区,3.66,459,13342,［月〜土］11時〜15時、17:30時〜21時,［月〜土］11時〜15時、17:30時〜21時,～￥999,無,11席,無
じもん,杉並区高円寺南4-7-13 仲野ビル 1F,杉並区,3.66,436,25942,月　　11:00-26:00火　　11:00-26:00水　　木　　11:00-26:00金　　11:00-26:00土　　10:00-26:00日祝　10:00-24:00※スープ、麺が無くなり次第営業終了となります。,月　　11:00-26:00火　　11:00-26:00水　　木　　11:00-26:00金　　11:00-26:00土　　10:00-26:00日祝　10:00-24:00※スープ、麺が無くなり次第営業終了となります。,～￥999,無,7席,無
らぁめん 大安,八王子市子安町1-11-10 エリートビル　１Ｆ,八王子市,3.66,423,11281,[月～金]11:00～14:0017:00～20:00[土]11:00～15:00(スープがなくなり次第終了),[月～金]11:00～14:0017:00～20:00[土]11:00～15:00(スープがなくなり次第終了),～￥999,無,10席,無
味噌ぶりNoodle みやみや,多摩市関戸2-24-23,多摩市,3.66,382,7393,【平日】11:30～15:0017:00～21:00【土・祝】11:30～15:0017:00～21:00【日】11:30～17:00,【平日】11:30～15:0017:00～21:00【土・祝】11:30～15:0017:00～21:00【日】11:30～17:00,～￥999,無,11席,無
旨辛タンメン 荒木屋,大田区西蒲田7-63-1,大田区,3.66,381,14157,[月・水・木・金・土・日]11:00～14:0017:30～20:00麺切れ次第終了,[月・水・木・金・土・日]11:00～14:0017:30～20:00麺切れ次第終了,～￥999,無,11席,無
大連（タイレン）,大田区山王1-25-14,大田区,3.66,367,22298,11:30～14:0017:00～22:00,11:30～14:0017:00～22:00,"￥1,000～￥1,999",無,42席,無
中華そば 七麺鳥,台東区根岸2-18-23,台東区,3.66,359,11271,【月〜金】11:00〜14:3018:00～21:00土日祝11:00〜15:0018:00〜21:00,【月〜金】11:00〜14:3018:00～21:00土日祝11:00〜15:0018:00〜21:00,～￥999,無,18席,無
銀座たんめん,中央区銀座4-14-3 銀座斉藤ビル 1F,中央区,3.66,355,14287,,,～￥999,無,8席,無
ラーメン ヤスオ（【旧店名】スズキ ヤスオ）,渋谷区代々木2-29-3 1F,渋谷区,3.66,348,16004,11:30〜14:50,11:30〜14:50,～￥999,無,6席,無
らぁ麺 時は麺なり,世田谷区経堂1-21-22 ショップ経堂 1F,世田谷区,3.66,347,8267,11:00～23:30,11:00～23:30,～￥999,無,25席,無
貝出汁 中華そば 竹祥（たけしょう）,武蔵野市吉祥寺本町1-24-6 B1F,武蔵野市,3.66,339,10436,11:30～15:3017:30～21:00,11:30～15:3017:30～21:00,～￥999,無,8席,無
ハちゃんラーメン,港区浜松町1-15-9 コンシェリア浜松町 1F,港区,3.66,326,9746,[月]11:00～15:00(L.O)[火-土]11:00～15:0018:00～21:00(L.O)営業カレンダーをTwitter、Instagramにて公開してるので、そちらで確認お願いいたします。,[月]11:00～15:00(L.O)[火-土]11:00～15:0018:00～21:00(L.O)営業カレンダーをTwitter、Instagramにて公開してるので、そちらで確認お願いいたします。,"￥1,000～￥1,999",無,12席,無
錦糸町中華そば さん式,墨田区太平4-2-1 都営太平南アパート 1F,墨田区,3.66,297,7696,11:00～15:00 18:00～21:00,11:00～15:00 18:00～21:00,"￥1,000～￥1,999",無,21席,無
らーめん藪づか,台東区上野3-13-1 西武ビル1階,台東区,3.66,289,8807,11:30～15:30 / 17:30~20:30（L.O.20:00）祝日営業,11:30～15:30 / 17:30~20:30（L.O.20:00）祝日営業,～￥999,無,9席,無
ラーメン屋ジョン,練馬区関町北4-1-7,練馬区,3.66,270,7581,11:30～14:3018:00～22:00,11:30～14:3018:00～22:00,"￥1,000～￥1,999",無,8席,無
春木家本店（はるきやほんてん）,杉並区天沼2-5-24,杉並区,3.66,269,12870,11:00～15:0017:00～21:00,11:00～15:0017:00～21:00,"￥1,000～￥1,999",無,32席,無
タマネギヘッドバッド,豊島区西池袋5-26-14,豊島区,3.66,259,6666,[月～金] 11:00～15:0017:00～21:00[土・日・祝] 11:00～21:00,[月～金] 11:00～15:0017:00～21:00[土・日・祝] 11:00～21:00,～￥999,無,14席,無
ハイデン.コッコFACTORY サマンサ・タマサ 青梅店（【旧店名】ハイデン コッコ FACTORY マルソン）,青梅市野上町4-9-28 グリーンハイム 1F,青梅市,3.66,251,6408,１週間通して…5:00~15:00,１週間通して…5:00~15:00,～￥999,有,7席,有
室蘭ラーメン 雷文,町田市本町田973-16,町田市,3.66,247,12038,[火～金]11:00～14:30[土・日・祝]11:00～15:30,[火～金]11:00～14:30[土・日・祝]11:00～15:30,～￥999,有,14席,有
中華蕎麦 一心,杉並区高円寺北2-40-16,杉並区,3.66,145,3806,11:00～16:00※スープ無くなり次第終了,11:00～16:00※スープ無くなり次第終了,"￥1,000～￥1,999",無,7席,無
麺屋 わおん,練馬区上石神井3-9-2,練馬区,3.66,120,2991,11:00～14:00[火・水]11:00～14:0018:00～21:00(L.O.20:30)[金]11:00～14:0018:00～20:00[土・日・祝]11:00～15:00,11:00～14:00[火・水]11:00～14:0018:00～21:00(L.O.20:30)[金]11:00～14:0018:00～20:00[土・日・祝]11:00～15:00,"￥1,000～￥1,999",無,情報なし席,無
東京駅 斑鳩（いかるが）,千代田区丸の内1-9-1 東京駅一番街 B1F,千代田区,3.65,2105,30618,10:00～22:30(L.O.22:00),10:00～22:30(L.O.22:00),～￥999,無,22席,無
むらさき山,港区芝5-23-8,港区,3.65,1509,32523,［月〜日］年末年始以外 無休で営業しております。11:00〜23:00(L.O)(スープ切れ次第終了),［月〜日］年末年始以外 無休で営業しております。11:00〜23:00(L.O)(スープ切れ次第終了),～￥999,無,14席,無
亀戸ぎょうざ 錦糸町店（かめいどぎょうざ）,墨田区江東橋3-9-1,墨田区,3.65,1253,37100,,,"￥1,000～￥1,999",無,15席,無
鯛塩そば 灯花 本店（とうか）,新宿区舟町12-13 石原マンション 1F,新宿区,3.65,1245,42515,【11:00～22:00】【ラストオーダー21:50】【通し営業】【年中無休】,【11:00～22:00】【ラストオーダー21:50】【通し営業】【年中無休】,～￥999,有,8席,有
長浜屋台 やまちゃん 銀座店,中央区銀座3-11-10,中央区,3.65,1138,34850,11:00～翌4:00(L.O.翌3:30)[祝]11:00～23:00(L.O.22:30),11:00～翌4:00(L.O.翌3:30)[祝]11:00～23:00(L.O.22:30),"￥1,000～￥1,999",無,18席,無
麺処 花田 上野店,台東区上野6-8-6 上野メガネセンタービル 1F,台東区,3.65,978,24006,【月・水～日・祝】11:00〜22:30【火】休み,【月・水～日・祝】11:00〜22:30【火】休み,～￥999,無,15席,無
かおたんラーメンえんとつ屋 南青山店（かおたんらーめん・えんとつや）,港区南青山2-34-30,港区,3.65,849,35110,11:30～翌5:00,11:30～翌5:00,"￥1,000～￥1,999",無,19席,無
ふぐだし潮 八代目けいすけ 東急プラザ店,中央区銀座5-2-1 東急プラザ銀座 B2F,中央区,3.65,830,26201,［月～木・日］11:00～22:00(L.O.21:30)［金・土］11:00～22:30(L.O.22:00),［月～木・日］11:00～22:00(L.O.21:30)［金・土］11:00～22:30(L.O.22:00),"￥1,000～￥1,999",無,25席,無
らーめん弁慶 浅草本店（べんけい）,台東区花川戸2-17-9,台東区,3.65,784,22710,11:00～翌4:00,11:00～翌4:00,"￥1,000～￥1,999",無,43席,無
ほうきぼし+ 神田店,千代田区内神田3-19-9,千代田区,3.65,713,21578,[月～金]11:00～15:00(L.O.14:40)18:00～23:00(L.O.22:40)[祝]11:00～15:00(L.O.14:40)材料がなくなり次第閉店させていただく場合もございます。,[月～金]11:00～15:00(L.O.14:40)18:00～23:00(L.O.22:40)[祝]11:00～15:00(L.O.14:40)材料がなくなり次第閉店させていただく場合もございます。,"￥1,000～￥1,999",無,10席,無
十番（ジュウバン）,中野区東中野3-7-26,中野区,3.65,650,24853,11:30～14:00(L.O.13:45)17:00～20:00(※材料切れ次第終了),11:30～14:00(L.O.13:45)17:00～20:00(※材料切れ次第終了),"￥1,000～￥1,999",無,22席,無
◯つばき食堂（【旧店名】ラーメンショップ 椿）,小金井市貫井北町3-33-10,小金井市,3.65,571,10287,6:00～21:00,6:00～21:00,～￥999,有,24席,有
灯花繚乱（トウカリョウラン）,新宿区四谷4-7 小林ビル1F,新宿区,3.65,534,16943,11:00〜22:00(ラストオーダー21:50)Uber等ネット受付のテイクアウトは10:00〜21:00,11:00〜22:00(ラストオーダー21:50)Uber等ネット受付のテイクアウトは10:00〜21:00,～￥999,無,17席,無
らーめん チキント（【旧店名】くれちゃん らぁめん）,立川市柴崎町3-4-9,立川市,3.65,529,15765,11:30～15:0017:30～21:00※昼夜営業状況は日により異なるため、公式Twitterよりご確認ください。,11:30～15:0017:30～21:00※昼夜営業状況は日により異なるため、公式Twitterよりご確認ください。,"￥1,000～￥1,999",無,7席,無
黄金の塩らぁ麺 ドゥエイタリアン 市ヶ谷本店（Due Italian）,千代田区九段南4-7-17,千代田区,3.65,521,37323,[月～金]11:00~23:00(L.O.22:30)[土・日・祝]11:00～22:00(L.O.21:30),[月～金]11:00~23:00(L.O.22:30)[土・日・祝]11:00～22:00(L.O.21:30),～￥999,無,18席,無
炭火焼濃厚中華そば 海富道（しーふーどう）,千代田区神田鍛冶町3-3-2 床屋3ビル 1F,千代田区,3.65,487,18882,[月～金]　11:00～15:30 (L.O 15:20)17:00～22:00 (L.O 21:45)（16時～17時は準備時間です。お気をつけください）[土日祝]　10:30～15:30 (L.O 15:20)17:00～21:00 (L.O 20:45)2月14日(水) 、ランチ短縮営業になります！営業時間11:00～14:00(L.O14:00),[月～金]　11:00～15:30 (L.O 15:20)17:00～22:00 (L.O 21:45)（16時～17時は準備時間です。お気をつけください）[土日祝]　10:30～15:30 (L.O 15:20)17:00～21:00 (L.O 20:45)2月14日(水) 、ランチ短縮営業になります！営業時間11:00～14:00(L.O14:00),"￥1,000～￥1,999",無,11席,無
とろ肉つけ麺 魚とん（【旧店名：とろ肉つけ麺 蔦八】）,千代田区神田小川町1-7 神田小川町ハイツ １Ｆ,千代田区,3.65,472,25241,"金曜日	11時00分～15時00分土曜日	定休日日曜日	定休日月曜日	11時00分～15時00分火曜日	11時00分～15時00分　                17時00分～21時00分水曜日	11時00分～15時00分木曜日	11時00分～15時00分　                17時00分～21時00分","金曜日	11時00分～15時00分土曜日	定休日日曜日	定休日月曜日	11時00分～15時00分火曜日	11時00分～15時00分　                17時00分～21時00分水曜日	11時00分～15時00分木曜日	11時00分～15時00分　                17時00分～21時00分",～￥999,無,12席,無
宝華らぁめん（ホウカラァメン）,立川市柴崎町3-7-4 山三第二ビル　１Ｆ,立川市,3.65,456,9724,[月～土] 11:30～24:00[日] 11:30～22:00,[月～土] 11:30～24:00[日] 11:30～22:00,"￥1,000～￥1,999",無,20席,無
ヌードル マイスター 源九（noodle meister GENK）,千代田区九段北1-8-3 カサイビルII 1F,千代田区,3.65,407,11738,[月～金]11:00～22:00(L.O.)[土・日・祝]11:00～15:00,[月～金]11:00～22:00(L.O.)[土・日・祝]11:00～15:00,～￥999,無,12席,無
ラーメン二郎 府中店（らーめんじろう）,府中市宮西町1-15-5 関野屋ビル　１Ｆ,府中市,3.65,404,6632,17:00～22:00,17:00～22:00,～￥999,無,10席,無
ラーメン ミンミン（ラーメン珉珉）,墨田区墨田2-5-4,墨田区,3.65,402,17798,11：15～14：302017年2月27日をもって夜の営業を終了,11：15～14：302017年2月27日をもって夜の営業を終了,"￥1,000～￥1,999",無,28席,無
鳥藤 とりそばスタンド グランスタ東京店,千代田区丸の内1-9-1 東京駅 グランスタ,千代田区,3.65,384,9196,[月～土]8:00～22:00(L.O.21:30)[日・祝日]8:00～21:00(L.O.20:30),[月～土]8:00～22:00(L.O.21:30)[日・祝日]8:00～21:00(L.O.20:30),"￥1,000～￥1,999",有,5席,有
らーめん 雅ノ屋,文京区本郷3-5-1,文京区,3.65,360,11891,,,～￥999,無,14席,無
自家製麺つけ麺 紅葉（もみじ）,国分寺市本町2-2-15,国分寺市,3.65,354,9427,[火～金・日]11:30～14:30(L.O.)17:30～21:00(L.O.),[火～金・日]11:30～14:30(L.O.)17:30～21:00(L.O.),"￥1,000～￥1,999",無,12席,無
らーめん 文蔵（ぶんぞう）,三鷹市下連雀3-22-6,三鷹市,3.65,352,9826,［月・火・水・木・金］11:00～14:30［土］10:40～14:30,［月・火・水・木・金］11:00～14:30［土］10:40～14:30,～￥999,無,9席,無
たいせい,葛飾区亀有5-47-1 菅井ビル 1F,葛飾区,3.65,338,9574,[水～金]11:30～14:0018:00〜22:30（L.O22:00）[土・日]11:30～22:30（L.O.22:00）※祝日は営業,[水～金]11:30～14:0018:00〜22:30（L.O22:00）[土・日]11:30～22:30（L.O.22:00）※祝日は営業,"￥1,000～￥1,999",無,10席,無
六九麺（69men）,杉並区高円寺南4-7-1 コーポカトレヤビル 102,杉並区,3.65,315,9622,平日 11時半～翌2時金土祝前日 11時半～翌3時日  11時半～24時スープなくなり次第終了特別営業あり,平日 11時半～翌2時金土祝前日 11時半～翌3時日  11時半～24時スープなくなり次第終了特別営業あり,～￥999,無,8席,無
高円寺 ともちんラーメン,杉並区高円寺北2-21-4,杉並区,3.65,305,10105,12/6(水)の営業時間に関して臨時休業お客様にはご迷惑をおかけいたしますが、ご理解の程よろしくお願いいたします。月〜金　10:00～22:00土　　8:00～22:00日　　8:00～21:00※第4木曜日のみ、18時までの営業となります。※祝日は曜日に合わせた営業時間となります。,12/6(水)の営業時間に関して臨時休業お客様にはご迷惑をおかけいたしますが、ご理解の程よろしくお願いいたします。月〜金　10:00～22:00土　　8:00～22:00日　　8:00～21:00※第4木曜日のみ、18時までの営業となります。※祝日は曜日に合わせた営業時間となります。,～￥999,無,14席,無
hide mode（ハイドモード）,文京区本郷2-30-10 コーラルコート 1F,文京区,3.65,297,26171,【営業時間】火〜日 17:00-22:00(LO.21:00)(フードLO.21:00  / ドリンクLO.21:30),【営業時間】火〜日 17:00-22:00(LO.21:00)(フードLO.21:00  / ドリンクLO.21:30),"￥4,000～￥4,999",無,13席,無
はちどり,板橋区板橋3-14-2,板橋区,3.65,294,8944,［月］11:00～14:00［水・木・金・土・日］11:00～14:0017:30～21:00,［月］11:00～14:00［水・木・金・土・日］11:00～14:0017:30～21:00,"￥1,000～￥1,999",無,21席,無
排骨担々 五ノ井,千代田区神田猿楽町1-3-6 HARAビル1F,千代田区,3.65,276,14918,【月〜金】11:00-15:0018:00-21:00【土】（第1、第3土曜日のみ営業）11:00-15:00※ラストオーダーは10分前です。※営業時間は変更があるので随時ツイッターをチェック願います。,【月〜金】11:00-15:0018:00-21:00【土】（第1、第3土曜日のみ営業）11:00-15:00※ラストオーダーは10分前です。※営業時間は変更があるので随時ツイッターをチェック願います。,"￥1,000～￥1,999",無,13席,無
あんくるてい（Uncle T's Cabin）,杉並区下井草5-22-17 1F ルメゾン井荻,杉並区,3.65,266,7241,【火、水、木、金、土、日】経営環境の急激な変化に伴いまして当面のあいだ営業時間を午前11:00~午後16:00とさせていただきます。スープがなくなり予定より早く閉店することがあります。冬季休業は12/31〜1/5となります。,【火、水、木、金、土、日】経営環境の急激な変化に伴いまして当面のあいだ営業時間を午前11:00~午後16:00とさせていただきます。スープがなくなり予定より早く閉店することがあります。冬季休業は12/31〜1/5となります。,"￥1,000～￥1,999",無,10席,無
煮干しNoodles Nibo Nibo Cino（ニボシヌードルズニボニボチーノ）,品川区旗の台2-13-14,品川区,3.65,261,14951,[月～金]11:00～14:0017:00～21:00［土日祝］11:00～15:00,[月～金]11:00～14:0017:00～21:00［土日祝］11:00～15:00,"￥1,000～￥1,999",無,16席,無
おそうざいと煎餅もんじゃ さとう,渋谷区富ヶ谷1-9-22 守友ビル 1F,渋谷区,3.65,244,33255,お総菜のテイクアウト10:00～21:00もんじゃ焼き12:00～14:30(L.O.)17:00～22:00(L.O.)らーめん12:00～14:30(L.O.)17:00～19:00(L.O.),お総菜のテイクアウト10:00～21:00もんじゃ焼き12:00～14:30(L.O.)17:00～22:00(L.O.)らーめん12:00～14:30(L.O.)17:00～19:00(L.O.),"￥4,000～￥4,999",無,12席,無
アンタイヌードルズ,昭島市朝日町1-3-14,昭島市,3.65,213,4293,[火～金] 11:30～14:3017:30～20:30(L.O.)[土・日・祝] 11:00～15:00※スープ切れ次第終了,[火～金] 11:30～14:3017:30～20:30(L.O.)[土・日・祝] 11:00～15:00※スープ切れ次第終了,～￥999,無,9席,無
らーめん いろはや,杉並区阿佐ヶ谷北6-13-1,杉並区,3.65,212,7038,,,～￥999,無,6席,無
中華蕎麦 仁香,千代田区神田神保町3-1-19,千代田区,3.65,204,6466,11:00〜14:3017:00〜20:00,11:00〜14:3017:00〜20:00,"￥1,000～￥1,999",無,7席,無
らーめん 高尾（ら～めん 髙尾）,杉並区荻窪5-9-17,杉並区,3.65,199,7517,［月～火］［木～日］11：00～14：0017：00～21：00※日曜日は味噌らーめんもあります,［月～火］［木～日］11：00～14：0017：00～21：00※日曜日は味噌らーめんもあります,"￥1,000～￥1,999",無,13席,無
鳥さわ ジグボーンクラブ,港区白金6-2-4,港区,3.65,171,19954,12:00～22:00,12:00～22:00,"￥4,000～￥4,999",無,情報なし席,無
ちゅるり（CHU-RU-RI）,北区上十条3-9-7,北区,3.65,171,4879,11:00～15:00(L.O.14:45) 17:30～21:00(L.O.20:45),11:00～15:00(L.O.14:45) 17:30～21:00(L.O.20:45),～￥999,無,11席,無
粉麺小屋,中野区本町3-32-17,中野区,3.65,160,5001,［平日］11:30～14:30（L.O.14:15）18:00～なくなり次第終了［土曜］11:30～14:30（L.O.14:15）,［平日］11:30～14:30（L.O.14:15）18:00～なくなり次第終了［土曜］11:30～14:30（L.O.14:15）,"￥1,000～￥1,999",無,12席,無
麺響 万蕾,墨田区菊川1-11-15,墨田区,3.65,148,4407,[火～金]11:00～14:30(L.O.14:00)18:00～20:00(L.O.20:00)[土・日]11:00～14:30(L.O.14:00),[火～金]11:00～14:30(L.O.14:00)18:00～20:00(L.O.20:00)[土・日]11:00～14:30(L.O.14:00),"￥1,000～￥1,999",無,8席,無
塩そば時空,杉並区高井戸東4-14-7,杉並区,3.65,145,4221,11:30～14:30(スープ無くなり次第終了),11:30～14:30(スープ無くなり次第終了),"￥1,000～￥1,999",無,8席,無
和渦製麺,大田区南蒲田1-22-12,大田区,3.65,139,3991,11:00～14:3018:00～20:00,11:00～14:3018:00～20:00,"￥1,000～￥1,999",無,8席,無
麺場 らせん,豊島区長崎4-8-15,豊島区,3.65,111,3207,11:30～15:0018:00～21:00ともにラストオーダー10分前日曜日のみ20時閉店品切れ情報などはTwitterご確認ください。,11:30～15:0018:00～21:00ともにラストオーダー10分前日曜日のみ20時閉店品切れ情報などはTwitterご確認ください。,～￥999,無,7席,無
鯨人,武蔵野市西久保1-5-8,武蔵野市,3.65,97,2609,[月～土]11:00～15:0018:00～21:00[日]11:00～15:00,[月～土]11:00～15:0018:00～21:00[日]11:00～15:00,～￥999,無,9席,無
らーめん松（Made in Tokyo）,足立区神明南2-7-28,足立区,3.65,85,2223,[火～日]11:00～21:00,[火～日]11:00～21:00,～￥999,無,情報なし席,無
元祖めんたい煮こみつけ麺,豊島区南池袋1-21-5 第7野萩ビル 2F,豊島区,3.64,1414,56801,11:00-23:00（ラストオーダー22:30）※売切れ次第閉店※営業時間が変更になる場合がございますので、最新の情報は公式HPをご確認ください,11:00-23:00（ラストオーダー22:30）※売切れ次第閉店※営業時間が変更になる場合がございますので、最新の情報は公式HPをご確認ください,"￥1,000～￥1,999",無,50席,無
鶏の穴,豊島区東池袋1-39-20 慶太ビル1F,豊島区,3.64,1343,38858,11:00～22:00,11:00～22:00,～￥999,無,16席,無
カラシビ味噌らー麺 鬼金棒 池袋店,豊島区東池袋1-13-14,豊島区,3.64,1129,37342,【月〜日】　11:00～21:30,【月〜日】　11:00～21:30,"￥1,000～￥1,999",無,11席,無
楽観 立川店,立川市曙町2-23-1 ソシアルビル 1F,立川市,3.64,1096,28836,11:00〜23:0011:00〜24:00(金土),11:00〜23:0011:00〜24:00(金土),～￥999,無,19席,無
赤坂麺処 友,港区赤坂2-13-13 オレンジビル 1F,港区,3.64,1011,26424,【平日】11:00〜26:30【土日祝】11:00〜21:00(最終入店20:30)※食材がなくなり次第閉店,【平日】11:00〜26:30【土日祝】11:00〜21:00(最終入店20:30)※食材がなくなり次第閉店,～￥999,無,14席,無
らーめん一郎,中央区銀座3-2-13 江戸常ビルＢ1Ｆ,中央区,3.64,747,22941,平日、        11:00～23:00(L.O22:30)     土日祭日　11:00～21:00(L.O22:30）但し、スープや食材が無くなり次第、営業終了。,平日、        11:00～23:00(L.O22:30)     土日祭日　11:00～21:00(L.O22:30）但し、スープや食材が無くなり次第、営業終了。,～￥999,無,7席,無
極上中華そば 福味 東京駅　KITTE店（【旧店名】中華そば 福味）,千代田区丸の内2-7-2 JPタワーB1F キッテグランシェ,千代田区,3.64,678,10980,［月～金］11:00～21:45［土・日］11:00～2030,［月～金］11:00～21:45［土・日］11:00～2030,～￥999,無,29席,無
武蔵家（むさしや）,武蔵野市吉祥寺南町1-8-11 弥生ビル 1Ｆ,武蔵野市,3.64,598,15506,[月～土]11:00～翌1:30(L.O.)[日]11:00～翌0:30(L.O.)翌日月曜が祝日の場合は～翌1 :30,[月～土]11:00～翌1:30(L.O.)[日]11:00～翌0:30(L.O.)翌日月曜が祝日の場合は～翌1 :30,～￥999,無,16席,無
麺屋すみす,港区南青山2-2-15 ウィン青山 1F,港区,3.64,595,20551,[平日]11:30～15:0017:30～21:00詳細はGoogleマイビジネスをご確認ください。[土]11:30～15:00[祝（月曜以外）]11:30～15:00,[平日]11:30～15:0017:30～21:00詳細はGoogleマイビジネスをご確認ください。[土]11:30～15:00[祝（月曜以外）]11:30～15:00,～￥999,無,18席,無
厳選煮干しらーめん 初代 にぼ助,千代田区神田駿河台2-10-6 御茶ノ水Sビル 1F,千代田区,3.64,530,13191,11：00～22：00,11：00～22：00,～￥999,無,23席,無
麺恋処 き楽,港区新橋5-24-5,港区,3.64,509,14769,[月～金]11:00～15:00 17:00～21:30[土]11:00～15:00,[月～金]11:00～15:00 17:00～21:30[土]11:00～15:00,"￥1,000～￥1,999",無,10席,無
担々麺 辣椒漢 神田本店（タンタンメン ラショウハン）,千代田区神田錦町1-4-8 ブロケードビル 1F,千代田区,3.64,490,23540,[月～金]11:00～15:0017:30～20:00[土・日]11:00～14:00,[月～金]11:00～15:0017:30～20:00[土・日]11:00～14:00,～￥999,無,7席,無
一途,品川区小山2-17-30,品川区,3.64,478,20235,,,"￥1,000～￥1,999",無,11席,無
自家製麺ほうきぼし 赤羽駅前店,北区赤羽南1-3-2 真木ビル 1F,北区,3.64,455,17462,11:00～15:0018:00～22:00,11:00～15:0018:00～22:00,～￥999,無,14席,無
つけ麺 たけもと（麺匠 竹もと）,大田区南雪谷2-12-6,大田区,3.64,445,11913,[月・水・木・金・土・日]11:00～15:0017:00～22:00,[月・水・木・金・土・日]11:00～15:0017:00～22:00,"￥1,000～￥1,999",無,12席,無
昭和（しょうわ）,中央区日本橋茅場町3-8-12 茅場町鈴藤ビル 1F,中央区,3.64,439,14168,,,～￥999,無,8席,無
火の豚 人形町駅前店,中央区人形町3-7-14,中央区,3.64,419,12784,[月～土]11:00～21:00(L.O.20:45)[日]11:00～15:00(L.O.14:45)材料切れの早仕舞い有り,[月～土]11:00～21:00(L.O.20:45)[日]11:00～15:00(L.O.14:45)材料切れの早仕舞い有り,～￥999,無,7席,無
らーめん蓮 蒲田本店,大田区西蒲田8-22-3 インペリアル蒲田１F,大田区,3.64,349,11246,11:00～23:00,11:00～23:00,"￥1,000～￥1,999",無,24席,無
中華そば 一颯（イブキ）,葛飾区新小岩2-39-4 矢作マンション 1F,葛飾区,3.64,328,8552,,,"￥1,000～￥1,999",無,9席,無
麺屋 西川,新宿区住吉町2-12 山崎ビル１F,新宿区,3.64,326,11445,2023年は31日午後3時まで営業いたします。年始は1月7日から営業いたします。[月～金]11:00～15:00(L.O) 18:00～24:00[土・日]11:00～15:00(L.O)＊スープなくなり次第終了,2023年は31日午後3時まで営業いたします。年始は1月7日から営業いたします。[月～金]11:00～15:00(L.O) 18:00～24:00[土・日]11:00～15:00(L.O)＊スープなくなり次第終了,～￥999,無,22席,無
ラーメン富士丸 明治通り都電梶原店,北区上中里3-18-1,北区,3.64,316,9373,[月～木]11:00～15:0017:00～20:30[金]11:00～17:00[日]11:00～16:00,[月～木]11:00～15:0017:00～20:30[金]11:00～17:00[日]11:00～16:00,～￥999,無,12席,無
麺処 若武者  ASAKUSA,台東区西浅草2-27-12,台東区,3.64,307,8230,11:00～翌4:00※蔓延防止措置期間11:00〜20:00(LO19:45)※酒類提供終日なし,11:00～翌4:00※蔓延防止措置期間11:00〜20:00(LO19:45)※酒類提供終日なし,"￥1,000～￥1,999",無,11席,無
中華そば やま福,大田区西蒲田7-64-1,大田区,3.64,300,11241,11:30～15:00(L.O.14:50)18:00～21:00(L.O.20:50),11:30～15:00(L.O.14:50)18:00～21:00(L.O.20:50),～￥999,無,8席,無
はな火屋,新宿区西新宿7-15-17 井西ビル 1F,新宿区,3.64,280,10856,11:00～15:0017:00～22:00,11:00～15:0017:00～22:00,～￥999,無,情報なし席,無
ラーメン 奥津家,町田市木曽西1-1-21,町田市,3.64,279,9164,,,～￥999,有,12席,有
吉法師,渋谷区神南1-11-5 ダイネス壱番館渋谷102,渋谷区,3.64,275,11989,[木～火]12:00～15:00(L.O.14:30) 18:00～21:00(L.O.20:30),[木～火]12:00～15:00(L.O.14:30) 18:00～21:00(L.O.20:30),"￥1,000～￥1,999",無,情報なし席,無
平右衛門,小金井市東町4-43-12,小金井市,3.64,250,7168,11:00～14:45 18:00～21:45,11:00～14:45 18:00～21:45,"￥1,000～￥1,999",無,10席,無
中華そば ふうみどう（FUMIDO）,国分寺市本町2-12-1,国分寺市,3.64,247,7223,11:30～15:00(L.O.14:50)18:00～21:00(L.O.20:50),11:30～15:00(L.O.14:50)18:00～21:00(L.O.20:50),～￥999,無,16席,無
中華そば 麦笑 本所吾妻橋店,墨田区吾妻橋2-2-4 フェスティワン 1F,墨田区,3.64,244,5225,[月・水・木・金]　11:00～14:30(L.O.)17:00～21:00(L.O.)[土・日・祝]　11:00～15:00(L.O.)17:00～21:00(L.O.),[月・水・木・金]　11:00～14:30(L.O.)17:00～21:00(L.O.)[土・日・祝]　11:00～15:00(L.O.)17:00～21:00(L.O.),～￥999,無,14席,無
こえもん,日野市日野本町3-7-11,日野市,3.64,243,4577,,,～￥999,無,10席,無
保谷 大勝軒,練馬区南大泉3-31-18,練馬区,3.64,235,4654,11:00～15:00,11:00～15:00,"￥1,000～￥1,999",無,25席,無
中華そば 結。（YUI）,大田区大森北1-26-5 浅野ビル 1F,大田区,3.64,215,5853,平日 昼11:00~14:30/ 夜　17：30～21：30土曜 昼11:00~15:30/ 夜　17：30～21：30日曜または連休最終日　 昼11:00~15:30/ 夜　17：30～21：00,平日 昼11:00~14:30/ 夜　17：30～21：30土曜 昼11:00~15:30/ 夜　17：30～21：30日曜または連休最終日　 昼11:00~15:30/ 夜　17：30～21：00,"￥1,000～￥1,999",無,10席,無
ラーメン スリーエスオー（RA-MEN 3SO）,町田市木曽西4-1-31,町田市,3.64,209,6311,[月・土]11:45～14:00(L.O.)[火～金]11:45～14:00(L.O.)19:45～21:00(L.O.),[月・土]11:45～14:00(L.O.)[火～金]11:45～14:00(L.O.)19:45～21:00(L.O.),"￥1,000～￥1,999",有,10席,有
麺処 いし川,あきる野市二宮337-1,あきる野市,3.64,197,4918,11:00～14:00,11:00～14:00,"￥1,000～￥1,999",有,13席,有
一番だしラーメン しんせん,調布市上石原2-30-19,調布市,3.64,196,4520,11:00～14:3017:30～20:30,11:00～14:3017:30～20:30,"￥1,000～￥1,999",無,18席,無
らぁ麺 恋泥棒,目黒区上目黒3-5-25,目黒区,3.64,195,5693,月曜日〜日曜日11:00〜22:0011月10日のみランチ営業,月曜日〜日曜日11:00〜22:0011月10日のみランチ営業,"￥1,000～￥1,999",無,10席,無
世田谷 磯野,世田谷区梅丘1-9-11,世田谷区,3.64,191,6506,[月・火・木・金]11:30～14:30 17:30～21:30[土・日・祝]12:00～15:00 17:30～20:30,[月・火・木・金]11:30～14:30 17:30～21:30[土・日・祝]12:00～15:00 17:30～20:30,～￥999,無,10席,無
麺道わがまんま（メンドウワガマンマ）,葛飾区東金町1-39-1 グリーンハイツ金町 1F,葛飾区,3.64,182,5345,11:30～14:3017:30～22:00,11:30～14:3017:30～22:00,～￥999,無,8席,無
純（JUN）,葛飾区立石8-3-6 1F,葛飾区,3.64,180,5049,［月〜土］11:00～20:30(L.O) 通し営業［日］11:00～14:30(L.O)※祝日も曜日通りの営業,［月〜土］11:00～20:30(L.O) 通し営業［日］11:00～14:30(L.O)※祝日も曜日通りの営業,～￥999,無,10席,無
龍聖軒,町田市能ヶ谷2-24-26,町田市,3.64,156,3573,11:00～15:00,11:00～15:00,～￥999,有,10席,有
中華そば うめ川,板橋区板橋3-44-6,板橋区,3.64,114,3825,11:00～14:30(L.O.14:20)17:00～20:00(緊急事態宣言の詳細が更新され次第、都度更新します）,11:00～14:30(L.O.14:20)17:00～20:00(緊急事態宣言の詳細が更新され次第、都度更新します）,"￥1,000～￥1,999",無,10席,無
ラーメン いいかお,豊島区巣鴨4-35-2 岩下ビル 1F,豊島区,3.64,113,4215,［火～土］11:00～14:30 18:00～20:00［日・祝］11:00～14:30,［火～土］11:00～14:30 18:00～20:00［日・祝］11:00～14:30,～￥999,無,5席,無
麺庵 利休,文京区本郷4-3-2,文京区,3.64,101,3276,11:00～15:00,11:00～15:00,"￥1,000～￥1,999",無,8席,無
らぁ麺 はやし田 新宿本店,新宿区新宿3-31-5 新宿ペガサス館 1F,新宿区,3.63,3058,89476,11:00～22:00(スープ切れ早仕舞いあり),11:00～22:00(スープ切れ早仕舞いあり),～￥999,無,16席,無
無敵家（むてきや）,豊島区南池袋1-17-1 崎本ビル,豊島区,3.63,1360,34211,10:30～翌3:30,10:30～翌3:30,～￥999,無,17席,無
炙り味噌らーめん 麺匠 真武咲弥 渋谷店（SHINBUSAKIYA）,渋谷区道玄坂2-10-3,渋谷区,3.63,1187,32109,月曜日11時〜翌02:30(L.O)火曜日11時〜翌04:30(L.O)水曜日11時〜翌04:30(L.O)木曜日11時〜翌04:30(L.O)金曜日11時〜翌06:30(L.O)土曜日11時〜翌06:30(L.O)日曜日11時〜翌04:30(L.O),月曜日11時〜翌02:30(L.O)火曜日11時〜翌04:30(L.O)水曜日11時〜翌04:30(L.O)木曜日11時〜翌04:30(L.O)金曜日11時〜翌06:30(L.O)土曜日11時〜翌06:30(L.O)日曜日11時〜翌04:30(L.O),"￥1,000～￥1,999",無,28席,無
麺屋 藤しろ,品川区上大崎2-27-1 サンフェリスタ目黒 1F,品川区,3.63,953,27316,【月～土】11:00～翌1:00【日曜日】11:00〜23:00,【月～土】11:00～翌1:00【日曜日】11:00〜23:00,"￥1,000～￥1,999",無,11席,無
駄目な隣人 新宿店,新宿区歌舞伎町1-27-2 1F,新宿区,3.63,925,43335,11:00～スープ無くなり次第終了,11:00～スープ無くなり次第終了,"￥1,000～￥1,999",無,20席,無
船見坂（ふなみざか）,中央区銀座2-12-11,中央区,3.63,911,22415,[月～金]11:00～翌4:00（L.O 翌3:30）[土・日・祝]11:00～22:00,[月～金]11:00～翌4:00（L.O 翌3:30）[土・日・祝]11:00～22:00,～￥999,無,17席,無
楢製麺（ナラセイメン 楢製麵）,渋谷区代々木2-26-2 第2桑野ビル,渋谷区,3.63,806,32262,11:00～22：00L.O.（当面の間11：00～21：00L.O.）[土日祝]　営業時間通り※お盆期間も通常営業 年末年始12/27～1/1　お休み  1/2　　       通常営業,11:00～22：00L.O.（当面の間11：00～21：00L.O.）[土日祝]　営業時間通り※お盆期間も通常営業 年末年始12/27～1/1　お休み  1/2　　       通常営業,"￥1,000～￥1,999",無,8席,無
麺の坊 砦（めんのぼうとりで）,渋谷区神泉町20-23,渋谷区,3.63,752,29111,【月、火、木、金、土、日】11:00～14:15（Lo）17:30〜21:30（Lo）,【月、火、木、金、土、日】11:00～14:15（Lo）17:30〜21:30（Lo）,"￥1,000～￥1,999",無,26席,無
銀座 篝 Echika池袋店,豊島区西池袋3-28-14 エチカ池袋,豊島区,3.63,669,16509,11:00～23:00（L.O.22:30）,11:00～23:00（L.O.22:30）,"￥1,000～￥1,999",無,13席,無
ラーメン凪 豚王 渋谷本店（ブタオウ【旧店名】ラーメン専門店 凪）,渋谷区東1-3-1 カミニート　１Ｆ,渋谷区,3.63,654,21050,【月～土】10:00～22:30【日・祝】10:00～20:00,【月～土】10:00～22:30【日・祝】10:00～20:00,"￥1,000～￥1,999",無,28席,無
濃菜麺 井の庄,練馬区練馬1-6-18 コンフォートIII 1階B号室,練馬区,3.63,634,17001,10:00～16:3017:30～23:00,10:00～16:3017:30～23:00,～￥999,無,12席,無
六厘舎 上野店,台東区上野7-1-1 アトレ上野 1F,台東区,3.63,590,9343,10:00～23:00(L.O.22:30),10:00～23:00(L.O.22:30),～￥999,無,情報なし席,無
博多麺房 赤のれん 丸ビル店（はかためんぼうあかのれん）,千代田区丸の内2-4-1 丸の内ビルディング 6F,千代田区,3.63,511,19994,[月～金]11:00～22:30L.O.22:00)[土]11:00～22:00(L.O.21:30)[日・祝]11:00～21:00(L.O.20:30),[月～金]11:00～22:30L.O.22:00)[土]11:00～22:00(L.O.21:30)[日・祝]11:00～21:00(L.O.20:30),"￥1,000～￥1,999",有,45席,有
えっちゃんラーメン。,港区芝浦3-1-30 なぎさテラス 1F,港区,3.63,504,9755,年末年始の営業時間について12/31~1/2 10:00～22:001/3から通常営業となります。よろしくお願いいたします。月～金 10:00-26:00（翌2:00まで）土　 　10:00-21:00日祝 　10:00-20:00いつも田町えっちゃんラーメンご利用いただきありがとうございます。,年末年始の営業時間について12/31~1/2 10:00～22:001/3から通常営業となります。よろしくお願いいたします。月～金 10:00-26:00（翌2:00まで）土　 　10:00-21:00日祝 　10:00-20:00いつも田町えっちゃんラーメンご利用いただきありがとうございます。,～￥999,無,25席,無
らーめん 陸（りく）,世田谷区桜3-8-13 パレス馬事公苑　１０１号,世田谷区,3.63,491,13241,11:00～15:00,11:00～15:00,～￥999,無,13席,無
横浜らーめん 山本家,新宿区西新宿1-15-13,新宿区,3.63,477,8357,11:00～24:00,11:00～24:00,～￥999,無,14席,無
二葉 上荻店,杉並区上荻1-16-14,杉並区,3.63,450,12822,[月]基本的には定休(Instagram参照下さい)[火～金]11:00～15:00（LOは14:45）17:00～20:00（LOは20:45）[土]11:00～20:00（通し営業）（LOは19:45）[日]11:00～16:00（LOは15:45）※売り切れ次第閉店,[月]基本的には定休(Instagram参照下さい)[火～金]11:00～15:00（LOは14:45）17:00～20:00（LOは20:45）[土]11:00～20:00（通し営業）（LOは19:45）[日]11:00～16:00（LOは15:45）※売り切れ次第閉店,～￥999,無,11席,無
麺堂にしき 新宿歌舞伎町店,新宿区歌舞伎町1-11-3 九石新歌舞伎町ビル 1F,新宿区,3.63,418,12631,[火〜日]18:00〜翌15:00(月曜日は0:00〜15:00、火曜日は18:00〜0:00で営業),[火〜日]18:00〜翌15:00(月曜日は0:00〜15:00、火曜日は18:00〜0:00で営業),～￥999,無,11席,無
用心棒 本号,文京区向丘1-20-6 ファミール本郷 1F,文京区,3.63,413,10593,月～土昼の部11:00-15:00夜の部17:00-21:00日曜日昼のみ11:00-15:45,月～土昼の部11:00-15:00夜の部17:00-21:00日曜日昼のみ11:00-15:45,～￥999,無,12席,無
大勝軒 中野,中野区中野3-33-13 第２ビル　１Ｆ,中野区,3.63,409,8890,10:30～19:00,10:30～19:00,～￥999,無,8席,無
心の味製麺 平井店,江戸川区平井5-30-4,江戸川区,3.63,397,8423,平日：11：00～15：00/17：00～23：00土日祝日：11：00～23：00,平日：11：00～15：00/17：00～23：00土日祝日：11：00～23：00,"￥1,000～￥1,999",無,22席,無
味噌中華そば ムタヒロ,国分寺市西恋ヶ窪2-6-5,国分寺市,3.63,389,8010,【昼】11:30〜15:00 (L.O)【夜】18:00〜22:30 (L.O)                   (日曜日は21:00まで),【昼】11:30〜15:00 (L.O)【夜】18:00〜22:30 (L.O)                   (日曜日は21:00まで),～￥999,無,8席,無
神田 とりそば なな蓮,千代田区鍛冶町1-7-1,千代田区,3.63,376,13909,月～金11:30～14:00/18:00～23:00土曜日　不定期ディナーのみ営業　17:00～22:00日曜日　定休,月～金11:30～14:00/18:00～23:00土曜日　不定期ディナーのみ営業　17:00～22:00日曜日　定休,"￥2,000～￥2,999",無,12席,無
鯛塩そば 縁,板橋区板橋1-19-1,板橋区,3.63,350,9860,＝＝店内営業時間＝＝【平日】11:30-14:30 17:00-21:00（木曜日はランチ営業のみ）【土曜日】11:30 - 21:00【日曜/祝日】11:00 - 20:00※ラストオーダーはそれぞれ15分前になります。,＝＝店内営業時間＝＝【平日】11:30-14:30 17:00-21:00（木曜日はランチ営業のみ）【土曜日】11:30 - 21:00【日曜/祝日】11:00 - 20:00※ラストオーダーはそれぞれ15分前になります。,～￥999,無,16席,無
鯛担麺専門店 恋し鯛,千代田区神田三崎町3-1-18 MH水道橋ビル 1F,千代田区,3.63,347,14949,●平日11:00-15:00(l.o14:30) /17:00-22:00(l.o21:30)●土日祝11:00〜21:00(l.o20:30),●平日11:00-15:00(l.o14:30) /17:00-22:00(l.o21:30)●土日祝11:00〜21:00(l.o20:30),"￥1,000～￥1,999",無,14席,無
RAMEN 百舌鳥（MOZU）,港区赤坂5-3-1 赤坂Bizタワー B1F,港区,3.63,338,8596,11:00～23:00,11:00～23:00,"￥1,000～￥1,999",無,22席,無
大塚 みや穂（【旧店名】和Dining ななみや）,豊島区南大塚3-48-5 大明ビル１Ｆ,豊島区,3.63,323,26873,▶昼の部　麺処《月〜土》11:30～13:30 ※無くなり次第終了※昼は現金のみ※予約不可▶夜の部　和食《月〜土》17:30〜22:00※完全予約制,▶昼の部　麺処《月〜土》11:30～13:30 ※無くなり次第終了※昼は現金のみ※予約不可▶夜の部　和食《月〜土》17:30〜22:00※完全予約制,"￥8,000～￥9,999",無,20席,無
光麟堂,港区新橋5-33-8 新橋SSビル 1F,港区,3.63,312,10650,,,～￥999,無,7席,無
ジカセイ メンショウ（Jikasei MENSHO）,渋谷区宇田川町15-1 渋谷パルコ B1F,渋谷区,3.63,284,8467,[月～金]11:30～22:00（LO.21:30)[土・日・祝]11:00～21:00(LO.20:30),[月～金]11:30～22:00（LO.21:30)[土・日・祝]11:00～21:00(LO.20:30),"￥1,000～￥1,999",有,22席,有
麺屋 正路（メンヤマサミチ）,杉並区上荻1-9-1 慶仁ビル 2F,杉並区,3.63,245,10525,[月～金]11:30～15:0018:00～21:30[土・日・祝]11:30～15:0018:00～20:30麺が無くなり次第終了,[月～金]11:30～15:0018:00～21:30[土・日・祝]11:30～15:0018:00～20:30麺が無くなり次第終了,～￥999,無,7席,無
麺尊RAGE 中野 腕刀,中野区中野5-55-3,中野区,3.63,242,7256,[月～日]11:30～14:30(L.O.14:25) 17:00～23:00(L.O.22:55),[月～日]11:30～14:30(L.O.14:25) 17:00～23:00(L.O.22:55),～￥999,無,6席,無
中華そば 虎桜（こざくら）,荒川区荒川6-20-12 岸ハイツ1F,荒川区,3.63,233,6749,11:00～14:30 17:30～21:00,11:00～14:30 17:30～21:00,"￥1,000～￥1,999",無,14席,無
麺屋 上々,台東区蔵前3-17-3 SIビル 1F,台東区,3.63,224,5930,11:00～14:4518:00～21:00※スープ売り切れ次第終了,11:00～14:4518:00～21:00※スープ売り切れ次第終了,～￥999,無,15席,無
ラーメン 池田屋 高田馬場店,新宿区下落合1-3-13 工藤ビル 1F,新宿区,3.63,217,9941,11:00～14:0017:00～21:00,11:00～14:0017:00～21:00,～￥999,無,12席,無
煮干し中華そば のじじR 本所吾妻橋（ニボシチュウカ ノジジアール）,墨田区吾妻橋2-4-11,墨田区,3.63,209,5866,[日～金]11:00～15:0018:00～21:00(L.O.20:45),[日～金]11:00～15:0018:00～21:00(L.O.20:45),～￥999,無,6席,無
ヨコハマ 中華そば かみ山（YOKOHAMA 中華そば かみ山）,世田谷区経堂5-29-21,世田谷区,3.63,209,11959,[月・火・水・木・金]11:00～16:30(L.O.16:00)[土]11:00～15:30(L.O.15:00),[月・火・水・木・金]11:00～16:30(L.O.16:00)[土]11:00～15:30(L.O.15:00),～￥999,無,7席,無
ラーメンくれは,西東京市向台町1-2-42,西東京市,3.63,186,7158,[水～金]11:30～16:00 17:30～22:00[土･日]11:30～22:00,[水～金]11:30～16:00 17:30～22:00[土･日]11:30～22:00,"￥1,000～￥1,999",無,8席,無
のスた,品川区東大井6-1-1,品川区,3.63,164,10283,,,"￥1,000～￥1,999",無,10席,無
自家製麺 うるち,台東区寿2-9-16,台東区,3.63,156,4612,[月・水・木・金・土・日]11:30～15:00(L.O.14:30)18:00～21:00(L.O.20:30),[月・水・木・金・土・日]11:30～15:00(L.O.14:30)18:00～21:00(L.O.20:30),"￥1,000～￥1,999",無,13席,無
中華そば ユー リー（中華そば You Lee）,足立区大谷田3-1-15 亀有ダイヤモンドマンション,足立区,3.63,141,3730,11:30～14:15(L.O.),11:30～14:15(L.O.),"￥1,000～￥1,999",無,6席,無
ラーメン 裏健やか,武蔵野市中町1-28-1 矢島ビル102,武蔵野市,3.63,133,6273,[月]11:00～15:0018:00～21:00,[月]11:00～15:0018:00～21:00,～￥999,無,情報なし席,無
Rock’anDo（六感堂）,豊島区池袋2-23-5 サンフェニックス山田 101,豊島区,3.63,125,4500,[月火木金土]11:30～14:30(L.O)18:00～21:00(L.O)[日]11:30～14:30(L.O)※各日スープ切れ次第、早仕舞いあり,[月火木金土]11:30～14:30(L.O)18:00～21:00(L.O)[日]11:30～14:30(L.O)※各日スープ切れ次第、早仕舞いあり,～￥999,無,6席,無
epilogue 08（エピローグ エイト）,新宿区中落合2-9-5,新宿区,3.63,105,4345,Twitterにて確認,Twitterにて確認,"￥1,000～￥1,999",無,4席,無
幸加,世田谷区給田3-34-1,世田谷区,3.63,103,2382,[月・火・水・木・土]11:00～15:0017:30～21:00[日]11:00～15:00,[月・火・水・木・土]11:00～15:0017:30～21:00[日]11:00～15:00,～￥999,無,7席,無
ハレとケ RAMEN RESTAURANT,豊島区高田3-21-11,豊島区,3.63,84,2172,［月〜金］11:00〜16:00 ［土日祝］11:00〜16:00,［月〜金］11:00〜16:00 ［土日祝］11:00〜16:00,"￥1,000～￥1,999",無,11席,無
麺屋 龍,足立区西新井4-27-14 英マンション 1F,足立区,3.63,84,2524,[月・木]11:00～15:00/18:00～20:00[火・金]11:00～15:00[土・日・祝]9:00～15:00Twitterにて必ずご確認をお願いします材料切れや諸用などで臨時休業や早仕舞いの可能性あります,[月・木]11:00～15:00/18:00～20:00[火・金]11:00～15:00[土・日・祝]9:00～15:00Twitterにて必ずご確認をお願いします材料切れや諸用などで臨時休業や早仕舞いの可能性あります,～￥999,有,12席,有
オカモトモノガタリ,葛飾区金町5-24-16,葛飾区,3.63,82,2518,7:00～9:0011:00～14:3018:00～20:30,7:00～9:0011:00～14:3018:00～20:30,～￥999,無,6席,無
のど黒らぁ麺 永屋,杉並区梅里1-7-14 シャトー新高円寺 B1F barRISE,杉並区,3.63,70,1803,10:00～16:00[土](変動あり)10:00～16:0018:00～22:00,10:00～16:00[土](変動あり)10:00～16:0018:00～22:00,"￥1,000～￥1,999",無,10席,無
麺屋 武一（たけいち）,港区新橋3-6-13 IKENO-3 1F,港区,3.62,1053,28528,[平日]11:30～15:15（L.O.15:00）17:00～24:00（L.O.23:45）[祝日]11:30～17:00※スープ切れ次第終了する場合あり,[平日]11:30～15:15（L.O.15:00）17:00～24:00（L.O.23:45）[祝日]11:30～17:00※スープ切れ次第終了する場合あり,～￥999,無,18席,無
中華ソバ 櫻坂（桜坂 さくらざか）,渋谷区桜丘町17-10 吉野ビル 1F,渋谷区,3.62,938,24195,11:00～21:00,11:00～21:00,～￥999,無,14席,無
六厘舎 TOKYO スカイツリータウン・ソラマチ店（ロクリンシャトウキョウ）,墨田区押上1-1-2 東京ソラマチ 6F,墨田区,3.62,926,14659,10:30～23:00,10:30～23:00,"￥1,000～￥1,999",有,28席,有
秋刀魚中華そば生粋 池袋本店（きっすい）,豊島区池袋2-12-1 大晃第二ビル １Ｆ,豊島区,3.62,839,31205,[平日]11:30～15:0017:30～22:00[日、祝]11:30〜15:0017:00〜21:00年末年始は12月24日〜1月7日までお休み致します。,[平日]11:30～15:0017:30～22:00[日、祝]11:30〜15:0017:00〜21:00年末年始は12月24日〜1月7日までお休み致します。,"￥1,000～￥1,999",無,11席,無
なかご,港区赤坂3-16-3 伊勢幸ビル 1F,港区,3.62,821,32845,年中無休（年末年始は休業）ランチタイム：11：30〜16：00ディナータイム：18：00〜21：30★スープがなくなり次第閉店,年中無休（年末年始は休業）ランチタイム：11：30〜16：00ディナータイム：18：00〜21：30★スープがなくなり次第閉店,"￥1,000～￥1,999",無,13席,無
武蔵家 大井町店（むさしや）,品川区東大井5-4-10,品川区,3.62,726,12259,[月・火]11:00～翌2:00[水・木・金]7:00～翌2:00[土・日]5:00～翌2:00,[月・火]11:00～翌2:00[水・木・金]7:00～翌2:00[土・日]5:00～翌2:00,～￥999,無,10席,無
あぶら～亭（あぶらーてい）,杉並区下高井戸1-22-9,杉並区,3.62,614,16066,通常営業11:00 ～ 翌2:30売り切れによる早じまい有,通常営業11:00 ～ 翌2:30売り切れによる早じまい有,"￥1,000～￥1,999",無,28席,無
鶏白湯麺 蔭山 高田馬場店,新宿区高田馬場1-4-18,新宿区,3.62,610,22680,[月～土]11:00～23:00（L.O 22:30）[日・祝]11:00～22:00（L.O 21:30）,[月～土]11:00～23:00（L.O 22:30）[日・祝]11:00～22:00（L.O 21:30）,～￥999,無,12席,無
鶏舎（チイシャ）,目黒区青葉台3-9-9,目黒区,3.62,562,43059,夏季の期間、この様な営業時間と相成ります［月〜金］11:15〜14::30 17:00〜20:00［土］11:15〜14:30,夏季の期間、この様な営業時間と相成ります［月〜金］11:15〜14::30 17:00〜20:00［土］11:15〜14:30,"￥1,000～￥1,999",無,18席,無
ラーメン茂木（もぎ）,世田谷区太子堂2-13-1,世田谷区,3.62,521,20713,11:30～14:30 18:00～22:00,11:30～14:30 18:00～22:00,"￥1,000～￥1,999",無,17席,無
えっちゃんラーメン。,新宿区歌舞伎町1-15-8 丸雄ビル 1F,新宿区,3.62,509,14323,11/2718:00～22:00 一時休業ご迷惑をおかけいたしますが、よろしくお願いいたします。【月】8:00-【火～土】24時間営業【日】-朝7時閉店,11/2718:00～22:00 一時休業ご迷惑をおかけいたしますが、よろしくお願いいたします。【月】8:00-【火～土】24時間営業【日】-朝7時閉店,～￥999,無,24席,無
四川担々麺 赤い鯨 赤坂店,港区赤坂5-4-11 Porte bonheur 1F,港区,3.62,488,24300,11:00〜23:00(Lo.22:30【年末年始の営業時間について】12/30 11:00~15:30(LO15:00)、12/31~1/2 休業、1/3より通常営業いたします。また、1/10は社員研修のため、11:00~15:30(LO15:00)の営業となります。,11:00〜23:00(Lo.22:30【年末年始の営業時間について】12/30 11:00~15:30(LO15:00)、12/31~1/2 休業、1/3より通常営業いたします。また、1/10は社員研修のため、11:00~15:30(LO15:00)の営業となります。,"￥2,000～￥2,999",無,30席,無
麺やひだまり,文京区千駄木3-43-9,文京区,3.62,428,15806,通常営業時間土曜日、日曜日11:30〜14:0017:00〜20:00火曜~金曜　11:30~17:00,通常営業時間土曜日、日曜日11:30〜14:0017:00〜20:00火曜~金曜　11:30~17:00,～￥999,無,9席,無
俺の生きる道 白山（【旧店名】夢を語れ）,文京区白山5-36-14 マガザン白山 1F,文京区,3.62,413,19745,［月〜土］11:30〜15:0017:30〜21:30,［月〜土］11:30〜15:0017:30〜21:30,～￥999,無,15席,無
麺屋 中川會 住吉店,江東区住吉1-19-1 ツインタワーすみとし住吉館 1F,江東区,3.62,409,15019,11:30～15:0018:00～21:30材料なくなり次第終了,11:30～15:0018:00～21:30材料なくなり次第終了,"￥1,000～￥1,999",無,10席,無
中華そば きび,世田谷区松原2-42-5 明大前フラワーハイホーム 1F,世田谷区,3.62,405,11180,11:30～15:00 17:00～22:00,11:30～15:00 17:00～22:00,～￥999,無,15席,無
ラーメン 鷹の目 蒲田店,大田区西蒲田8-2-1,大田区,3.62,376,10168,11:00～15:00 17:00～22:00,11:00～15:00 17:00～22:00,～￥999,無,情報なし席,無
らーめん子うさぎ 大塚店,豊島区北大塚2-14-2,豊島区,3.62,329,9787,［月曜日〜金曜日］11:00〜20:00［土曜日］11:00〜15:00[日・祝]定休日,［月曜日〜金曜日］11:00〜20:00［土曜日］11:00〜15:00[日・祝]定休日,"￥1,000～￥1,999",無,5席,無
雨ニモマケズ,北区上十条3-29-11,北区,3.62,304,8563,［月・水］11:00～15:0017:00～21:00［木・金］11:00～15:00［土・日・祝］7:30～15:0017:00～21:00,［月・水］11:00～15:0017:00～21:00［木・金］11:00～15:00［土・日・祝］7:30～15:0017:00～21:00,～￥999,無,10席,無
絢,調布市入間町3-1-1,調布市,3.62,301,8057,,,～￥999,有,13席,有
二代目 谷瀬家,千代田区内神田3-8-6,千代田区,3.62,298,5272,7:00～10:0011:00～23:00,7:00～10:0011:00～23:00,～￥999,無,13席,無
狐狸丸（コリマル）,大田区西蒲田5-12-8 村川ビル 102,大田区,3.62,294,14152,★通常月　　　[昼]11～15:00のみ火水金　[昼]11～15:00[夜]17～22:00土日　　[昼]11～15:00[夜]17～21:00※最新情報は、当店のtwitterやFacebookを参照ください。,★通常月　　　[昼]11～15:00のみ火水金　[昼]11～15:00[夜]17～22:00土日　　[昼]11～15:00[夜]17～21:00※最新情報は、当店のtwitterやFacebookを参照ください。,～￥999,無,12席,無
麺処 さとう,板橋区蓮沼町22-6,板橋区,3.62,288,6927,11:00～15:0018:00～23:00※スープなくなり次第終了,11:00～15:0018:00～23:00※スープなくなり次第終了,～￥999,無,6席,無
シンちゃんラーメン,新宿区新宿4-2-7,新宿区,3.62,283,7257,＊月～日　10:00~23:00,＊月～日　10:00~23:00,"￥1,000～￥1,999",無,15席,無
なんでんかんでん 西新宿店,新宿区西新宿7-9-15 新宿ダイカンプラザビズネス清田ビル 1F,新宿区,3.62,259,6075,[月～日]11:00～23:00(L.O.22:30),[月～日]11:00～23:00(L.O.22:30),～￥999,無,8席,無
中華そば ひびき,府中市新町1-58-5,府中市,3.62,248,6925,,,～￥999,無,10席,無
UMA TSUKEMEN（ユーエムエー　ツケメン）,立川市西砂町1-3-15,立川市,3.62,247,9009,[月～木]11:30～14:3017：30～22：30[金土日]11：30～22：30いずれも麺が無くなり次第終了,[月～木]11:30～14:3017：30～22：30[金土日]11：30～22：30いずれも麺が無くなり次第終了,"￥1,000～￥1,999",有,13席,有
マルナカ,新宿区新小川町8-4,新宿区,3.62,241,10099,11:00～14:30 17:30～20:00,11:00～14:30 17:30～20:00,～￥999,無,14席,無
草むら,杉並区大宮1-1-1,杉並区,3.62,239,7194,［月・水～日］11:00～15:00,［月・水～日］11:00～15:00,"￥1,000～￥1,999",無,11席,無
麺庵 小島流 板橋本町本店（メンアン コジマリュウ）,板橋区本町32-12 サンハイツ本町101,板橋区,3.62,215,9933,[月・水～金]11:30～14:0018:00～22:00(フードL.O.21:00/アルコールL.O.21:30)[土・日・祝]11:30～14:3018:00～22:00(フードL.O.21:00/アルコールL.O.21:30),[月・水～金]11:30～14:0018:00～22:00(フードL.O.21:00/アルコールL.O.21:30)[土・日・祝]11:30～14:3018:00～22:00(フードL.O.21:00/アルコールL.O.21:30),"￥1,000～￥1,999",無,6席,無
ラーメン専門 藍華（あいか）,八王子市元横山町2-22-3,八王子市,3.62,210,4529,11:00～15:0018:00～22:00,11:00～15:0018:00～22:00,～￥999,有,12席,有
らーめん 五ノ神精肉店（ラーメン ゴノカミセイニクテン）,あきる野市小川東3-9-13,あきる野市,3.62,182,4654,11:00～15:00 17:00～21:30,11:00～15:00 17:00～21:30,～￥999,有,36席,有
富士松,荒川区西尾久7-19-6 ベルメゾンヤスダ 104,荒川区,3.62,180,4721,11:00～15:0018:00～21:00,11:00～15:0018:00～21:00,"￥1,000～￥1,999",無,10席,無
中華そば 弥栄,八王子市千人町2-3-3,八王子市,3.62,173,3712,11:00～15:0018:00～20:00頃,11:00～15:0018:00～20:00頃,～￥999,無,11席,無
尾道ラーメン 壱番館 新宿御苑店,新宿区四谷4-28-20 パレ・エテルネル 1F,新宿区,3.62,157,5221,11:00～15:0018:00～21:30（L.O.21:00）,11:00～15:0018:00～21:30（L.O.21:00）,～￥999,無,情報なし席,無
河辺大勝軒,青梅市師岡町3-19-8 102,青梅市,3.62,153,2998,11:00～15:45(L.O),11:00～15:45(L.O),"￥1,000～￥1,999",有,情報なし席,有
麺屋 かむい,杉並区高円寺南4-25-1,杉並区,3.62,148,5527,,,～￥999,無,8席,無
なるめん,大田区北千束3-16-10,大田区,3.62,141,6033,,,～￥999,無,6席,無
柳麺かいと,狛江市東和泉1-28-11,狛江市,3.62,135,3280,[火～金]11:30～14:3017:00～20:00[土・日]11:30～14:3015:30～18:30※売り切れ次第終了,[火～金]11:30～14:3017:00～20:00[土・日]11:30～14:3015:30～18:30※売り切れ次第終了,～￥999,無,9席,無
麺屋YAMATO（ヤマト）,三鷹市井の頭2-15-8,三鷹市,3.62,132,3550,11:30～14:3018:00～21:00,11:30～14:3018:00～21:00,"￥1,000～￥1,999",無,9席,無
中華SOBA 惠ばら,板橋区赤塚2-2-4,板橋区,3.62,122,2796,[月・火・水・木・土]11:00～15:0017:30～20:30[日]11:00～15:00,[月・火・水・木・土]11:00～15:0017:30～20:30[日]11:00～15:00,"￥1,000～￥1,999",無,情報なし席,無
煮干ソバと米 今日の1番,墨田区東向島3-35-6,墨田区,3.62,115,3320,[火～日]11:00～15:00 18:00～22:00,[火～日]11:00～15:00 18:00～22:00,～￥999,無,9席,無
だしと麺 遊泳,杉並区高円寺南1-6-5 高円寺サマリヤマンション 1F,杉並区,3.62,112,6816,【水•木】17:00～20:30 L.O【土•日】11:30〜15:30 L.O,【水•木】17:00～20:30 L.O【土•日】11:30〜15:30 L.O,～￥999,無,7席,無
淳之助製麺所,中野区上鷺宮4-16-6,中野区,3.62,98,1857,11:00〜25:00(24:30L.O),11:00〜25:00(24:30L.O),～￥999,無,11席,無
中華蕎麦 麺ノ歌,小金井市本町2-20-4,小金井市,3.62,88,1832,11:00～15:0018:00～20:30,11:00～15:0018:00～20:30,"￥1,000～￥1,999",有,6席,有
KEN軒,武蔵野市西久保2-15-27,武蔵野市,3.62,80,2827,11:30～15:0018:00～20:30,11:30～15:0018:00～20:30,"￥1,000～￥1,999",無,9席,無
ひるがお 東京駅店,千代田区丸の内1-9-1 東京駅一番街 B1F 東京ラーメンストリート内,千代田区,3.61,1764,23282,[月～日]9:45～23:00(L.O.22:30),[月～日]9:45～23:00(L.O.22:30),"￥1,000～￥1,999",有,22席,有
九十九ラーメン 恵比寿本店,渋谷区広尾1-1-36 本国ビル　１Ｆ,渋谷区,3.61,1283,33374,11:00～翌3:00(L.O2:30),11:00～翌3:00(L.O2:30),～￥999,無,32席,無
鶏そば十番156 麻布十番本店（ICHIKORO）,港区麻布十番2-1-10,港区,3.61,1075,30565,11:00～23：00,11:00～23：00,～￥999,無,22席,無
焼きあご塩らー麺たかはし 銀座店,中央区銀座5-10-10 オリジナル第一ビル1Ｆ,中央区,3.61,904,25581,11:00〜翌4:30（L.O.4:20）,11:00〜翌4:30（L.O.4:20）,～￥999,無,10席,無
ベジポタつけ麺えん寺,豊島区池袋2-48-2 レスタージュ池袋 1F,豊島区,3.61,837,26227,11：30～22：00スープなくなり次第終了,11：30～22：00スープなくなり次第終了,～￥999,無,10席,無
末廣ラーメン本舗 高田馬場分店（すえひろらーめんほんぽ）,新宿区高田馬場2-8-3,新宿区,3.61,756,22387,午前11時00分～翌３時00分※第1第2日曜日は深夜2時までの営業。※月曜日が祝日の場合は営業します。（翌日店休）※店舗事情により店休、早じまい、中休憩することがあります。,午前11時00分～翌３時00分※第1第2日曜日は深夜2時までの営業。※月曜日が祝日の場合は営業します。（翌日店休）※店舗事情により店休、早じまい、中休憩することがあります。,～￥999,無,9席,無
麺家 黒,目黒区目黒1-6-12 ワンエム目黒 1F,目黒区,3.61,742,20900,11:00～翌2:00,11:00～翌2:00,～￥999,無,14席,無
らーめん潤 亀戸店（らーめんじゅん）,江東区亀戸6-2-1,江東区,3.61,646,18845,[火～日]10：00～24:00,[火～日]10：00～24:00,～￥999,無,9席,無
四川担担麺 阿吽 キッテグランシェ店,千代田区丸の内2-7-2 JPタワー KITTE丸の内 B1F,千代田区,3.61,597,10987,［月～金］11:00～21:50［土・日］11:00～20:50,［月～金］11:00～21:50［土・日］11:00～20:50,～￥999,有,情報なし席,有
青葉 御徒町店（あおば）,台東区上野5-20-3 ラーメン横丁,台東区,3.61,594,8083,11:00～23:00,11:00～23:00,"￥1,000～￥1,999",無,18席,無
麺や いま村,豊島区巣鴨1-13-3 福沢ビル 1F,豊島区,3.61,555,18000,11：00～22：30（Ｌ．Ｏ）従業員不足が解消され次第もう少し延長予定と…※緊急事態宣言等、政府の指導により変わる可能性がございます。予めご了承ください。,11：00～22：30（Ｌ．Ｏ）従業員不足が解消され次第もう少し延長予定と…※緊急事態宣言等、政府の指導により変わる可能性がございます。予めご了承ください。,"￥1,000～￥1,999",無,18席,無
炭火焼濃厚中華そば 奥倫道,港区芝大門2-1-18 GSハイム芝大門　1F,港区,3.61,521,20303,11:00～22:00※材料が無くなり次第、終了する場合がございます。営業時間・定休日が記載と異なる場合がございます。ご来店時は事前に店舗にご確認ください。,11:00～22:00※材料が無くなり次第、終了する場合がございます。営業時間・定休日が記載と異なる場合がございます。ご来店時は事前に店舗にご確認ください。,"￥1,000～￥1,999",無,15席,無
四川担々麺 ななつぼし 新橋店,港区新橋3-16-22,港区,3.61,494,10214,［月～土］11:00～翌6:00［日］11:00～23:30,［月～土］11:00～翌6:00［日］11:00～23:30,"￥1,000～￥1,999",無,情報なし席,無
かぐら,立川市錦町1-6-13 苅田ビル1F,立川市,3.61,471,15644,11:00 ～ 24：00,11:00 ～ 24：00,～￥999,無,8席,無
江戸前煮干中華そば きみはん 総本店,台東区根岸3-3-18,台東区,3.61,470,10284,11:00～23:00,11:00～23:00,～￥999,無,10席,無
春木屋 吉祥寺店（はるきや）,武蔵野市吉祥寺本町2-14-1,武蔵野市,3.61,464,15858,11:00～21:00,11:00～21:00,"￥1,000～￥1,999",無,情報なし席,無
麺屋ぬかじ,渋谷区宇田川町3-12 monostep2 1F,渋谷区,3.61,458,19599,[月～金]11:00～16:00 [土・祝]11:00～16:00※水曜日はランチ営業のみ,[月～金]11:00～16:00 [土・祝]11:00～16:00※水曜日はランチ営業のみ,"￥1,000～￥1,999",無,情報なし席,無
田中そば店 新橋店,港区西新橋1-18-10 佐々木ビル 1F,港区,3.61,449,14823,[月～金]11:00～15:45 17:00～21:00,[月～金]11:00～15:45 17:00～21:00,～￥999,無,10席,無
濃厚鶏そば 晴壱（はるいち）,新宿区住吉町2-10 ソフィアM １F,新宿区,3.61,448,11823,■平日 11:30〜翌2:00 ラストオーダー1:45（15:30〜17:00の間は中休み）■土曜日 11:30〜翌2:00 ラストオーダー1:45  (通し営業)■日曜祝祭日 11:30〜23:00 ラストオーダー22:45（通し営業）,■平日 11:30〜翌2:00 ラストオーダー1:45（15:30〜17:00の間は中休み）■土曜日 11:30〜翌2:00 ラストオーダー1:45  (通し営業)■日曜祝祭日 11:30〜23:00 ラストオーダー22:45（通し営業）,～￥999,無,20席,無
SHRIMP NOODLE 海老ポタ（シュリンプ ヌードル 海老ポタ）,港区新橋2-15-12 KLセントラルビル 1F,港区,3.61,447,9149,[月～土]11:00～翌6:00[日]11:00～22:30,[月～土]11:00～翌6:00[日]11:00～22:30,"￥1,000～￥1,999",無,34席,無
ラーメン二郎 仙川店（らーめんじろう）,調布市仙川町1-10-17,調布市,3.61,412,6358,[月～土]17:00～21:00,[月～土]17:00～21:00,～￥999,無,12席,無
本家 第一旭 神保町店,千代田区神田神保町2-48-2,千代田区,3.61,402,13337,[月～土]11:00～22:00[日]11:00～18:00,[月～土]11:00～22:00[日]11:00～18:00,"￥1,000～￥1,999",無,28席,無
○心厨房（まごごろちゅうぼう）,江東区東陽1-25-6,江東区,3.61,381,9950,11:30～15:00 17:45～20:15(L.O.20:00),11:30～15:00 17:45～20:15(L.O.20:00),～￥999,無,10席,無
パパパパパイン,町田市原町田3-1-4 町田ターミナルプラザ 2F,町田市,3.61,380,14307,11:00～15:00 18:00～21:00,11:00～15:00 18:00～21:00,～￥999,無,10席,無
谷ラーメン（たにらーめん）,千代田区丸の内3-7-11,千代田区,3.61,363,15446,11:00～14:00(L.O) 17:00～20:00,11:00～14:00(L.O) 17:00～20:00,"￥1,000～￥1,999",無,12席,無
にしき之中華ソバ,豊島区西池袋1-13-8,豊島区,3.61,353,7635,朝8:00～深夜1:00(中休みなし)(火曜日のみ朝8:00〜深夜24:00),朝8:00～深夜1:00(中休みなし)(火曜日のみ朝8:00〜深夜24:00),～￥999,無,12席,無
麺創研 紅 国分寺,国分寺市本町2-2-15,国分寺市,3.61,352,9128,11:00〜22:00(L.O) ⭕中休みナシ,11:00〜22:00(L.O) ⭕中休みナシ,～￥999,無,23席,無
らーめん しおの風,足立区竹ノ塚6-24-16,足立区,3.61,338,7451,(月・木・金・土・日)11:00～25:00ラストオーダー24:30(火・水)11:00～23:00ラストオーダー22:30,(月・木・金・土・日)11:00～25:00ラストオーダー24:30(火・水)11:00～23:00ラストオーダー22:30,"￥1,000～￥1,999",有,11席,有
いぶし銀（【旧店名】風来房）,町田市原町田6-29-4 寺田ビル　 １Ｆ,町田市,3.61,333,9503,[平日]11:30～14:0018:00～21:00[土・日・祝祭日]11:30～15:0018:00～21:00スープがなくなり次第終了,[平日]11:30～14:0018:00～21:00[土・日・祝祭日]11:30～15:0018:00～21:00スープがなくなり次第終了,～￥999,無,14席,無
らーめん平太周 神保町店,千代田区神田神保町1-12-1 富田ビル 1F,千代田区,3.61,329,12901,11:00～21:45ラストオーダー(月～金）11:00～21:30ラストオーダー(土日祝）閉店はラストオーダー30分後となります。,11:00～21:45ラストオーダー(月～金）11:00～21:30ラストオーダー(土日祝）閉店はラストオーダー30分後となります。,～￥999,無,10席,無
ひらさわ,千代田区神田三崎町2-16-10,千代田区,3.61,318,10601,,,～￥999,無,9席,無
#新宿地下ラーメン,新宿区西新宿1西口地下街1号 小田急エース北館 SHINJUKU DELISH PARK PARK6,新宿区,3.61,297,3696,[月～金]10:30～21:30(L.O.21:00)[土・日・祝]10:30～21:00(L.O.20:30),[月～金]10:30～21:30(L.O.21:00)[土・日・祝]10:30～21:00(L.O.20:30),"￥1,000～￥1,999",無,27席,無
お茶の水、大勝軒 BRANCHING,千代田区神田神保町3-10,千代田区,3.61,279,10345,午前11時～午後10時,午前11時～午後10時,"￥1,000～￥1,999",無,28席,無
らぁめんや やしげる,世田谷区宮坂3-12-3 ドム経堂 1F,世田谷区,3.61,273,10549,,,"￥1,000～￥1,999",無,7席,無
麺屋福丸,渋谷区幡ヶ谷1-9-6 リッツ幡ヶ谷1階,渋谷区,3.61,263,10183,[火～金]11:00~15:0018:00~21:00[土・日・祝日]11:00～16:0018：00～21：00定休日月曜ランチ・ディナーでスープがなくなり次第終了,[火～金]11:00~15:0018:00~21:00[土・日・祝日]11:00～16:0018：00～21：00定休日月曜ランチ・ディナーでスープがなくなり次第終了,"￥1,000～￥1,999",有,14席,有
味噌麺処 花道庵 北参道店,渋谷区千駄ヶ谷3-26-7,渋谷区,3.61,228,7662,月～金11:00～20:45土11:00〜16:00,月～金11:00～20:45土11:00〜16:00,"￥1,000～￥1,999",無,23席,無
ななふく,小金井市本町5-15-9 栄ハイツエクシード 1F,小金井市,3.61,227,6836,,,～￥999,無,6席,無
貝出汁中華そば くらむ,世田谷区玉川3-20-2,世田谷区,3.61,224,6580,11:00～15:0017:00～21:00(L.O.20:45),11:00～15:0017:00～21:00(L.O.20:45),"￥1,000～￥1,999",無,情報なし席,無
豚野郎,中野区中野1-41-45,中野区,3.61,214,9190,【火～日】11:30～14:3018.00～21:30※スープが無くなり次第で閉店。,【火～日】11:30～14:3018.00～21:30※スープが無くなり次第で閉店。,～￥999,無,6席,無
自家製熟成麺 吉岡 田端店,北区東田端2-9-1 第二田島ビル 1F,北区,3.61,210,6849,[月～金]11:00～21:00[土・日・祝]11:00～20:00,[月～金]11:00～21:00[土・日・祝]11:00～20:00,"￥1,000～￥1,999",無,12席,無
綾瀬 大勝軒（あやせ たいしょうけん）,足立区綾瀬3-15-16,足立区,3.61,208,3567,［火～土］11:00～15:0018:00～21:00［日］11:00～15:00,［火～土］11:00～15:0018:00～21:00［日］11:00～15:00,～￥999,有,情報なし席,有
日本橋 朱鷺,中央区日本橋小伝馬町8-2,中央区,3.61,207,4682,[月～金]11:30～15:00(L.O.14:45)17:30～21:00(L.O.20:45)[土・日・祝]11:30～16:00(L.O.15:45),[月～金]11:30～15:00(L.O.14:45)17:30～21:00(L.O.20:45)[土・日・祝]11:30～16:00(L.O.15:45),"￥1,000～￥1,999",無,6席,無
こうや麺房（こうやめんぼう）,文京区本郷2-10-8,文京区,3.61,203,6580,[月・火・木・金］11:00～15:00(L.O.14:45)18:00～21:45(L.O.)[水・土］11:00～15:00(L.O.14:45),[月・火・木・金］11:00～15:00(L.O.14:45)18:00～21:45(L.O.)[水・土］11:00～15:00(L.O.14:45),"￥1,000～￥1,999",無,23席,無
麺家 千祥,荒川区町屋1-2-7 ヴェルデセゾン 1F,荒川区,3.61,202,3900,,,～￥999,無,11席,無
麺処 にぼし香,中央区日本橋蛎殻町2-2-2 山口ビル 1F,中央区,3.61,188,4636,11:00～15:00(L.O.14:30),11:00～15:00(L.O.14:30),"￥1,000～￥1,999",無,情報なし席,無
えーちゃん食堂,目黒区下目黒3-4-6 サンライズ目黒 1Ｆ,目黒区,3.61,183,14080,7:00頃～11:00(材料無くなり次第終了),7:00頃～11:00(材料無くなり次第終了),"￥1,000～￥1,999",無,情報なし席,無
らあめん 満家（ミツルヤ）,新宿区百人町1-21-4,新宿区,3.61,169,6883,［月〜金］11:30〜15:00,［月〜金］11:30〜15:00,～￥999,無,8席,無
麦処 八と丁,江戸川区一之江8-2-20,江戸川区,3.61,148,3487,11:30～14:3018:00～21:00(スープなくなり次第終了の場合あり),11:30～14:3018:00～21:00(スープなくなり次第終了の場合あり),"￥1,000～￥1,999",無,7席,無
らあめん あじるく,豊島区北大塚1-19-1 大塚アイワハイツ 1F,豊島区,3.61,117,5576,1130～14:30,1130～14:30,"￥1,000～￥1,999",無,11席,無
背油中華そば 福鳳,杉並区高円寺北2-34-7 笠間ビル 1F,杉並区,3.61,117,2690,10:00～25:0025時まで営業中‼︎※食材が無くなり次第早仕舞いあります。,10:00～25:0025時まで営業中‼︎※食材が無くなり次第早仕舞いあります。,～￥999,無,16席,無
だしの虜,港区六本木,港区,3.61,113,6038,ランチ11:30～15:00（最終入店14:00）ディナー※営業日はInstagramでお知らせいたします。,ランチ11:30～15:00（最終入店14:00）ディナー※営業日はInstagramでお知らせいたします。,"￥1,000～￥1,999",無,14席,無
麺や 穂ころび,文京区本郷3-33-3 本郷ビル 1F,文京区,3.61,100,3018,[月・水・木・金]11:30～15:3018:00～21:30※1月9日(火曜日)は夜も営業[火・土]11:30～15:30※1月8日(月曜祭日)は昼のみ営業,[月・水・木・金]11:30～15:3018:00～21:30※1月9日(火曜日)は夜も営業[火・土]11:30～15:30※1月8日(月曜祭日)は昼のみ営業,"￥1,000～￥1,999",無,8席,無
亀有中華そば水しま,足立区中川3-10-3 鈴木ビル 1F,足立区,3.61,85,2158,［月～水・金～日] 朝7:00～スープ切れまで,［月～水・金～日] 朝7:00～スープ切れまで,"￥1,000～￥1,999",無,11席,無
中華ソバ モンタナ 上石神井店（燜tana）,練馬区上石神井﻿1-39-26﻿ サウダージ 1F,練馬区,3.61,72,2296,[火～日]11:30～14:30,[火～日]11:30～14:30,～￥999,無,8席,無
麺屋 寛,杉並区荻窪1-5-19,杉並区,3.61,68,1825,11:00～15:00 17:00～20:00,11:00～15:00 17:00～20:00,～￥999,無,14席,無
えびそば 一幻 新宿店,新宿区西新宿7-8-2 福八ビル 1F,新宿区,3.6,1416,47906,11:00～23:00,11:00～23:00,"￥1,000～￥1,999",無,13席,無
玉 バラそば屋 中野店,中野区中野5-59-14,中野区,3.6,1063,25598,営業時間11:00～21:00,営業時間11:00～21:00,"￥1,000～￥1,999",無,8席,無
つなぎ,渋谷区恵比寿1-4-1 アーバンハウス 1F,渋谷区,3.6,997,36971,朝ラー営業　7:00~10:00 （無休）営業曜日水.木.金.土.日曜日&祝日7時～ 朝ラーメンday※月.火曜日が祝日の場合営業します11:00～23:00,朝ラー営業　7:00~10:00 （無休）営業曜日水.木.金.土.日曜日&祝日7時～ 朝ラーメンday※月.火曜日が祝日の場合営業します11:00～23:00,～￥999,有,12席,有
俺式 純,千代田区丸の内1-9-1 東京駅一番街 東京ラーメンストリート,千代田区,3.6,816,10088,8:00～23:00(L.O.22:30),8:00～23:00(L.O.22:30),～￥999,無,30席,無
めん徳 二代目 つじ田   麹町店,千代田区平河町1-4-11 はらだビル １Ｆ,千代田区,3.6,774,17440,［月～金］11:00～22:00（スープが無くなり次第終了）［土・祝］11:00～21:00（スープが無くなり次第終了）,［月～金］11:00～22:00（スープが無くなり次第終了）［土・祝］11:00～21:00（スープが無くなり次第終了）,～￥999,無,8席,無
らすた 代々木店,渋谷区代々木1-38-10 代々木ＹＭＯビル １Ｆ,渋谷区,3.6,715,16898,11:00～22:00(L.O.21:30),11:00～22:00(L.O.21:30),～￥999,無,10席,無
風来居 新宿店（ふうらいきょ）,新宿区西新宿7-19-18 セードル新宿ハイツ　１Ｆ,新宿区,3.6,612,17705,11:00～23:00( 通し営業 )スープが終わり次第終了いたします,11:00～23:00( 通し営業 )スープが終わり次第終了いたします,～￥999,無,12席,無
北海道らーめん おやじ 町田店,町田市中町1-19-1,町田市,3.6,587,14336,[月・火・木・金]11:00～16:00 17:30～22:00(L.O.21:30)［土・日・祝］11:00～22:00(L.O.21:30),[月・火・木・金]11:00～16:00 17:30～22:00(L.O.21:30)［土・日・祝］11:00～22:00(L.O.21:30),"￥1,000～￥1,999",無,12席,無
メルシー,新宿区馬場下町63,新宿区,3.6,547,24786,11:00〜19:00,11:00〜19:00,～￥999,無,30席,無
タロー軒,杉並区高円寺南2丁目16番13号,杉並区,3.6,449,15810,24時間,24時間,～￥999,無,8席,無
ラーメン 武蔵家 中野本店,中野区中央4-4-1 藤晃ビル　１Ｆ,中野区,3.6,433,9293,11:00～翌2:00,11:00～翌2:00,～￥999,無,15席,無
二代目えん寺,中野区中野5-62-7,中野区,3.6,394,11816,［月～金］11:30～16:00／17:30～22:00［土・日・祝］11:30～22:00,［月～金］11:30～16:00／17:30～22:00［土・日・祝］11:30～22:00,"￥1,000～￥1,999",無,9席,無
Homemade Ramen 麦苗 COREDO室町店（ホームメードラーメン ムギナエ）,中央区日本橋室町2-3-1 COREDO室町2 B1F,中央区,3.6,388,7130,11:00～21:00(L.O.20:30),11:00～21:00(L.O.20:30),"￥1,000～￥1,999",有,30席,有
すずめ食堂,墨田区京島1-2-2,墨田区,3.6,377,9057,11:30～15:00 18:00～21:30※まん延防止等重点措置期間中は20:00閉店,11:30～15:00 18:00～21:30※まん延防止等重点措置期間中は20:00閉店,～￥999,有,8席,有
武道家 吉祥寺店,武蔵野市吉祥寺南町1-5-11 丸善ビル 1F,武蔵野市,3.6,343,8158,11:00～翌2:00,11:00～翌2:00,～￥999,無,13席,無
孫鈴舎（まごりんしゃ）,千代田区丸の内1-10-9,千代田区,3.6,318,10931,[月～金]7:00～10:30(朝ラーメンのみ)10:30～22:00(L.O.22:00)[土]11:00～15:00(L.O15:00),[月～金]7:00～10:30(朝ラーメンのみ)10:30～22:00(L.O.22:00)[土]11:00～15:00(L.O15:00),～￥999,無,16席,無
塩つけ麺 灯花,新宿区四谷2-11 龍文堂ビル 1F,新宿区,3.6,275,8701,11:00～22:00（ラストオーダー21：50）,11:00～22:00（ラストオーダー21：50）,～￥999,無,12席,無
自家製麺 啜乱会（じかせいめん すすらんかい）,葛飾区新小岩1-50-12,葛飾区,3.6,272,6416,11:30～24:00(L.O.23:45),11:30～24:00(L.O.23:45),"￥1,000～￥1,999",無,情報なし席,無
一平ソバ（いっぺいそば）,小金井市梶野町3-17-12,小金井市,3.6,272,5788,11:00～21:00(L.O.20:30),11:00～21:00(L.O.20:30),"￥1,000～￥1,999",有,49席,有
弘富,八王子市明神町3-11-1,八王子市,3.6,264,6861,[月～土]11:00～18:00,[月～土]11:00～18:00,～￥999,有,9席,有
蓮爾 新町一丁目店（ハスミ）,世田谷区駒沢4-29-13 ケー・テー駒沢1F,世田谷区,3.6,253,9333,[火～金]17:00～23:00(LO.22:45)[土・祝]11:00～17:00(LO.16:45),[火～金]17:00～23:00(LO.22:45)[土・祝]11:00～17:00(LO.16:45),～￥999,無,9席,無
豚風。,品川区旗の台3-12-2,品川区,3.6,237,5412,11:00～24:00,11:00～24:00,"￥1,000～￥1,999",無,16席,無
道の塩,葛飾区亀有5-28-17,葛飾区,3.6,229,6871,,,"￥1,000～￥1,999",無,8席,無
麺匠 ヒムロク,西東京市田無町3-9-10,西東京市,3.6,220,5639,,,"￥1,000～￥1,999",無,7席,無
味幸（みこう）,八王子市西寺方町23-3,八王子市,3.6,192,5031,11:00～売り切れ次第終了,11:00～売り切れ次第終了,～￥999,有,14席,有
のんきや,西多摩郡奥多摩町原368-4,西多摩郡奥多摩町,3.6,169,4117,[月～日]10:30～15:30,[月～日]10:30～15:30,～￥999,有,35席,有
新潟ラーチャン専門 我武者羅 四谷店,新宿区四谷1-18-5 Belle四谷 1F,新宿区,3.6,149,3746,[月～金]11:00～21:00[土]11:00～16:00,[月～金]11:00～21:00[土]11:00～16:00,～￥999,無,情報なし席,無
DRIED SARDIN BROTHERS（煮干兄弟）,杉並区高円寺北3-22-8 大一市場内,杉並区,3.6,147,5502,[月～土]11:30～22:00(L.O.21:45)[日]11:30～21:00(L.O.20:45)(スープ無くなり次第閉店),[月～土]11:30～22:00(L.O.21:45)[日]11:30～21:00(L.O.20:45)(スープ無くなり次第閉店),"￥1,000～￥1,999",無,8席,無
でんでん,八王子市子安町1-37-6,八王子市,3.6,140,4606,【昼の営業】11:30～15:00【夜の営業(木・金・土のみ)】19:00～21:30,【昼の営業】11:30～15:00【夜の営業(木・金・土のみ)】19:00～21:30,～￥999,有,16席,有
中華そば 一陽来復,武蔵野市境2-2-6 EKビル 1F,武蔵野市,3.6,134,2717,[月～土]11:30～15:00(L.O.14:45)17:30～23:00(.LO.22:45)[日・祝]11:30～21:00(L.O.20:45)※連休の場合は最終日のみ日祝扱い,[月～土]11:30～15:00(L.O.14:45)17:30～23:00(.LO.22:45)[日・祝]11:30～21:00(L.O.20:45)※連休の場合は最終日のみ日祝扱い,～￥999,無,12席,無
中華麺 多文,新宿区神楽坂2-11-2,新宿区,3.6,133,4386,11:00～15:00(無くなり次第終了),11:00～15:00(無くなり次第終了),"￥1,000～￥1,999",無,9席,無
らーめん ぱったぱた（【旧店名】ぱたぱた家）,立川市羽衣町2-45-11,立川市,3.6,127,3300,11:00～15:00 17:00～22:00,11:00～15:00 17:00～22:00,～￥999,無,11席,無
浅草 熟成味噌らーめん のりあき･美々,台東区駒形1-9-9 川尻マンション 1F,台東区,3.6,116,4662,11:30～14:3018:00～23:00,11:30～14:3018:00～23:00,"￥1,000～￥1,999",無,10席,無
猫と月 chan mie noodles（猫と月 チャンミーヌードルズ）,調布市上石原2-21-5,調布市,3.6,114,2421,昼 11:00～14:00夜 17:00～20:00,昼 11:00～14:00夜 17:00～20:00,～￥999,無,7席,無
駅ラーメン 深だし中華そば,江戸川区平井3-30-35,江戸川区,3.6,113,1739,11:00～15:00(L.O.14:45)17:30～23:00(L.O.22:45),11:00～15:00(L.O.14:45)17:30～23:00(L.O.22:45),～￥999,無,8席,無
中華そば 西の,西東京市田無町4-26-3,西東京市,3.6,109,2729,［月～土］11:00～16:00 18:00～20:30［日］11:00～16:00,［月～土］11:00～16:00 18:00～20:30［日］11:00～16:00,～￥999,無,7席,無
口樂（こうらく）,八王子市下柚木2-9-11 シルキーパレスⅡ 1F,八王子市,3.6,106,3308,[火〜金]11:00〜14:30  ※臨時休業あり,[火〜金]11:00〜14:30  ※臨時休業あり,～￥999,有,13席,有
ラーメン あらしん,立川市錦町2-1-1,立川市,3.6,104,2688,11:30～15:0018:00〜23:00日曜日21:00,11:30～15:0018:00〜23:00日曜日21:00,～￥999,無,10席,無
自家製麺 頃場別邸（【旧店名】自家製麺 ご藤）,江戸川区南小岩7-25-16,江戸川区,3.6,102,3713,11:00～15:00,11:00～15:00,"￥1,000～￥1,999",無,5席,無
タナカタロウ,荒川区町屋8-4-8 藤和シティコープ町屋2 1F,荒川区,3.6,101,2402,(火)～(土)1130～14301730～2100(日)（祝）1130～1430,(火)～(土)1130～14301730～2100(日)（祝）1130～1430,"￥1,000～￥1,999",無,情報なし席,無
Zweiter Läden（スワイザーラーデン）,新宿区西早稲田3-15-5 K2ビル 1F,新宿区,3.6,94,3110,"[月・金・土・日]11:00～15:0018:00～23:00(L.O.22:30)[水・木]11:00～15:00※2024年2月2日より、夜は居酒屋""酒weiter Garden""として営業（麺類はRAMEN KURO、お子さまラーメンのみ）","[月・金・土・日]11:00～15:0018:00～23:00(L.O.22:30)[水・木]11:00～15:00※2024年2月2日より、夜は居酒屋""酒weiter Garden""として営業（麺類はRAMEN KURO、お子さまラーメンのみ）","￥2,000～￥2,999",無,7席,無
三鷹らーめん酒場SAL,武蔵野市中町1-21-8 イトーピア武蔵野ブランマーク 1F,武蔵野市,3.6,92,4676,【月〜土】17:00〜24:00 ※最終入店23:00ラストオーダーフード…23:00 ドリンク…23:30※年末年始の営業は12/31〜1/5までお休みとさせていただきます。※金土はお電話でのみご予約を受付しております。　ネット予約は停止しています。※月曜日が祝日の場合、日曜日営業致します。　その場合月曜日が振替でお休みです。,【月〜土】17:00〜24:00 ※最終入店23:00ラストオーダーフード…23:00 ドリンク…23:30※年末年始の営業は12/31〜1/5までお休みとさせていただきます。※金土はお電話でのみご予約を受付しております。　ネット予約は停止しています。※月曜日が祝日の場合、日曜日営業致します。　その場合月曜日が振替でお休みです。,"￥3,000～￥3,999",無,28席,無
福籠叉焼（フーロンチャーシュー）,中野区新井1-14-14,中野区,3.6,75,2787,11:30～15:0017:30～21:00,11:30～15:0017:30～21:00,"￥2,000～￥2,999",無,16席,無
麺屋 喜楽明人,板橋区東新町1-8-10,板橋区,3.6,75,1665,[月・火・水]6:30～8:3011:30～14:0018:00～21:00[木・金・土]6:30～8:3011:30～14:0018:00～23:00[日]6:30～8:3011:30～14:00,[月・火・水]6:30～8:3011:30～14:0018:00～21:00[木・金・土]6:30～8:3011:30～14:0018:00～23:00[日]6:30～8:3011:30～14:00,"￥1,000～￥1,999",無,情報なし席,無
みんみん,武蔵野市吉祥寺本町1-1-9,武蔵野市,3.59,1209,46918,［火・水・金］11:30〜15:00（昼営業）16:00〜20:00（夜営業）［土・日］11:30～20:00,［火・水・金］11:30〜15:00（昼営業）16:00〜20:00（夜営業）［土・日］11:30～20:00,～￥999,無,20席,無
瞠 池袋本店（miharu）,豊島区東池袋1-31-16 東商ビル３　１Ｆ,豊島区,3.59,1077,27507,毎日11：00～22：00,毎日11：00～22：00,～￥999,無,12席,無
タンメンしゃきしゃき 錦糸町本店,墨田区錦糸3-3-3,墨田区,3.59,814,22760,[月～土]11:00～23:30[日・祝]11:00～22:00※スープ・具材なくなり次第終了,[月～土]11:00～23:30[日・祝]11:00～22:00※スープ・具材なくなり次第終了,～￥999,無,11席,無
俺の空 新宿店,新宿区西新宿1-3-13 I&Kビル 1F,新宿区,3.59,771,22291,,,"￥1,000～￥1,999",無,20席,無
支那麺 はしご 赤坂店（しなめんはしご）,港区赤坂2-2-21 永田町法曹ビル　１Ｆ,港区,3.59,763,21039,［月・火・水・木・金］11:00～23:00［土・日・祝］11:00～21:00,［月・火・水・木・金］11:00～23:00［土・日・祝］11:00～21:00,"￥1,000～￥1,999",無,21席,無
馬子禄 牛肉面 神保町店（蘭州ラーメン 馬子禄）,千代田区神田神保町1-3-18,千代田区,3.59,729,33403,昼の部：11：00～15：00（L.O.）夜の部：17：00～20：30（閉店）,昼の部：11：00～15：00（L.O.）夜の部：17：00～20：30（閉店）,～￥999,無,45席,無
銀座 いし井 五反田店,品川区西五反田1-24-4,品川区,3.59,709,25162,11:00～22:00,11:00～22:00,～￥999,無,15席,無
支那麺 はしご 入船店（しなめんはしご）,中央区入船2-2-13 ライオンズマンション入船　山口ビル,中央区,3.59,650,12857,[月～金]11:00～翌3:00[土・日・祝]11:00～21:00,[月～金]11:00～翌3:00[土・日・祝]11:00～21:00,"￥1,000～￥1,999",無,33席,無
鮎ラーメン 二子玉川本店（あゆらーめん）,世田谷区玉川3-15-12 玉川３丁目マンション　１０２号,世田谷区,3.59,639,21548,[全日]11:30～14:30(売切終了) (季節のメニュー)17:00～23:00(売切終了)(鮎ラーメン)※お昼の季節のメニューGW頃～9月末頃：鮎涼ラーメン10月頃～GW頃：しょうがそば,[全日]11:30～14:30(売切終了) (季節のメニュー)17:00～23:00(売切終了)(鮎ラーメン)※お昼の季節のメニューGW頃～9月末頃：鮎涼ラーメン10月頃～GW頃：しょうがそば,"￥1,000～￥1,999",無,7席,無
渡来武（トライブ）,目黒区自由が丘1-12-4 1F,目黒区,3.59,543,13053,,,～￥999,無,8席,無
立川マシマシ 立川総本店,立川市錦町1-2-16 立川アーバンホテル たま館 1F,立川市,3.59,521,14591,,,～￥999,無,15席,無
支那麺 はしご 銀座八丁目店（しなめんはしご）,中央区銀座8-10-7 東成ビル　１Ｆ,中央区,3.59,517,17547,［平日］11:00～22:00(L.O.21:45)［土］11:00～21:00(L.O.20:30)［祝］11:00～20:00(L.O.19:30),［平日］11:00～22:00(L.O.21:45)［土］11:00～21:00(L.O.20:30)［祝］11:00～20:00(L.O.19:30),"￥1,000～￥1,999",無,18席,無
支那そば晴弘（しなそばはるこう）,江東区富岡1-21-9,江東区,3.59,515,15332,"[月・水・木・金]11:30～14:1518:00～22:00[土・日・祝]	11:30～15:0017:00～21:00","[月・水・木・金]11:30～14:1518:00～22:00[土・日・祝]	11:30～15:0017:00～21:00","￥1,000～￥1,999",無,24席,無
支那そばはせべ（しなそばはせべ）,品川区東五反田1-18-14 東五反田ビル　１Ｆ,品川区,3.59,502,14485,[月～金]11:30～14:30 18:00～21:45[土・日・祝]11:30～14:30,[月～金]11:30～14:30 18:00～21:45[土・日・祝]11:30～14:30,"￥1,000～￥1,999",無,14席,無
成光（なりみつ）,千代田区神田神保町2-23,千代田区,3.59,496,25709,[月～金]11:15～15:00 17:00～21:30[土]11:15～15:00,[月～金]11:15～15:00 17:00～21:30[土]11:15～15:00,"￥1,000～￥1,999",無,23席,無
武道家 賢斗（ブドウカ ケント）,江東区南砂2-1-4,江東区,3.59,495,7960,[月～日]10:00～翌1:00,[月～日]10:00～翌1:00,"￥1,000～￥1,999",無,15席,無
手もみラーメン 十八番（てもみらーめん じゅうはちばん）,杉並区上荻1-4-10,杉並区,3.59,482,17408,[月～土]18:00～24:30[日・祝]18:00～23:30,[月～土]18:00～24:30[日・祝]18:00～23:30,～￥999,無,10席,無
麺処 マゼル（MAZERU）,千代田区神田佐久間町1-14 第2東ビル 1F,千代田区,3.59,474,16039,[月～土]11:30～15:0017:30～21:00,[月～土]11:30～15:0017:30～21:00,～￥999,無,7席,無
とんこつラーメン よかろうもん,墨田区緑3-17-8,墨田区,3.59,455,17721,11:30～15:00、18:00～翌3:30(LO:3:00),11:30～15:00、18:00～翌3:30(LO:3:00),～￥999,無,18席,無
らあめん英（ひで）,世田谷区経堂2-8-7,世田谷区,3.59,446,14387,11:00～24:00,11:00～24:00,～￥999,無,11席,無
麺処 井の庄 立川（めんどころ いのしょう）,立川市錦町1-2-16 立川アーバンホテル　１Ｆ,立川市,3.59,427,11562,月曜日～日曜日　終日　11時～23時（中休みなし）,月曜日～日曜日　終日　11時～23時（中休みなし）,～￥999,無,15席,無
ラーメン 町田家 町田本店,町田市原町田3-7-2,町田市,3.59,403,7299,［月・火・水・金・土・日］11:00～翌3:00［木］11:00～17:30,［月・火・水・金・土・日］11:00～翌3:00［木］11:00～17:30,～￥999,無,情報なし席,無
ラーメン ドゥエ エド ジャパン（Ramen ドゥエ Edo Japan）,千代田区内幸町2-1-6 日比谷パークフロント B1F,千代田区,3.59,395,16876,[月～金] 11:00～15:0017:00～22:00 (L.O 21:30)※15:00～17:00は準備中,[月～金] 11:00～15:0017:00～22:00 (L.O 21:30)※15:00～17:00は準備中,"￥1,000～￥1,999",有,15席,有
集来（しゅうらい）,港区芝大門2-3-6,港区,3.59,390,12044,11:00～14:30,11:00～14:30,～￥999,無,22席,無
okudo 東京（オクド トウキョウ）,新宿区新宿1-15-14 オムニビル 1F,新宿区,3.59,377,29812,<ランチタイム>月～金11:30～14:00(Lo13:45)<ディナータイム>月～土17:30～22:00(Lo21:00)お子様のご来店はご遠慮頂いております。,<ランチタイム>月～金11:30～14:00(Lo13:45)<ディナータイム>月～土17:30～22:00(Lo21:00)お子様のご来店はご遠慮頂いております。,"￥3,000～￥3,999",無,20席,無
藤丸（フジマル）,中野区中野5-42-5,中野区,3.59,307,9307,〔月～金〕11:00～15:00（L.O14:50）17:30～21:30（L.O21:20)〔土・祝〕11:00～15:00（L.O14:50）17:30～20:30（L.O20:20）,〔月～金〕11:00～15:00（L.O14:50）17:30～21:30（L.O21:20)〔土・祝〕11:00～15:00（L.O14:50）17:30～20:30（L.O20:20）,～￥999,無,6席,無
濃厚タンメン かめしげ,江東区亀戸1-39-1,江東区,3.59,268,7728,[月・火・木～土]11:00～15:0018:00～21:00[水・日・祝]11:00～15:00※営業日時は変更の場合がございますので、事前にSNSをご確認下さい。,[月・火・木～土]11:00～15:0018:00～21:00[水・日・祝]11:00～15:00※営業日時は変更の場合がございますので、事前にSNSをご確認下さい。,～￥999,無,12席,無
自家製麺 まさき,昭島市福島町1011-13,昭島市,3.59,129,5975,［火～土］11:00～14:1017:30～20:30［第1・3日］11:00～15:00,［火～土］11:00～14:1017:30～20:30［第1・3日］11:00～15:00,～￥999,有,5席,有
広州市場 西新宿店,新宿区西新宿1-12-7 阿部ビル 1F,新宿区,3.58,1157,30353,11：00～0:00,11：00～0:00,～￥999,有,36席,有
雲林坊 秋葉原店（ユンリンボウ）,千代田区神田須田町2-12 須田町2丁目共同ビル 1F,千代田区,3.58,934,39009,『月～金』１１：００～２２：００（Ｌｏ２１：３０）『土・日・祝日』１１：００～２１：００（Ｌｏ２０：３０）,『月～金』１１：００～２２：００（Ｌｏ２１：３０）『土・日・祝日』１１：００～２１：００（Ｌｏ２０：３０）,"￥1,000～￥1,999",無,10席,無
中華料理 丸鶴,板橋区大山西町2-2,板橋区,3.58,891,56906,[月～木]11:00～14:50[金・土]11:00～14:5017:00～20:00,[月～木]11:00～14:50[金・土]11:00～14:5017:00～20:00,"￥1,000～￥1,999",無,18席,無
らーめん バリ男 新橋本店,港区西新橋1-21-1,港区,3.58,801,16608,[月～金]11:00～23:00[土・日・祝]11:00～15:00 17:00～21:00,[月～金]11:00～23:00[土・日・祝]11:00～15:00 17:00～21:00,～￥999,無,12席,無
鶏そば そると,世田谷区代沢5-36-13 1F,世田谷区,3.58,747,33719,11:00～翌1:00（売り切れの場合は早めに閉店）,11:00～翌1:00（売り切れの場合は早めに閉店）,～￥999,無,14席,無
俺の空 池袋店（おれのそら【旧店名】我空）,豊島区東池袋1-31-7 原ビル　１Ｆ,豊島区,3.58,732,18482,11:00～22:30,11:00～22:30,"￥1,000～￥1,999",無,12席,無
香味徳  銀座店（kamitoku）,中央区銀座1-13-6 ヤマトビル　1F,中央区,3.58,729,25722,11:00～23:00（L.O.22:20）,11:00～23:00（L.O.22:20）,～￥999,無,11席,無
香湯ラーメン ちょろり 恵比寿店（しゃんたんらーめんちょろり）,渋谷区恵比寿4-22-11,渋谷区,3.58,724,34751,,,"￥2,000～￥2,999",無,37席,無
銀座 創龍,中央区銀座6-4-18 マキシドピアビル 1F,中央区,3.58,694,18322,［月～土］11:00～翌3:00［日］11:00～23:00,［月～土］11:00～翌3:00［日］11:00～23:00,"￥1,000～￥1,999",無,28席,無
馬賊（ばぞく）,台東区雷門2-7-6 豊田ビル　１Ｆ,台東区,3.58,581,30619,11:15～20:30,11:15～20:30,"￥1,000～￥1,999",無,20席,無
天雷軒 神谷町本店,港区虎ノ門5-2-7 土井ビル　１Ｆ,港区,3.58,568,26126,[月～金]11:00～23:00(L.O.22:30)[第2第4第5土・祝]11:00～16:00,[月～金]11:00～23:00(L.O.22:30)[第2第4第5土・祝]11:00～16:00,～￥999,無,20席,無
新雅（シンガ）,文京区水道2-11-2,文京区,3.58,555,29050,11:00～14:00(L.O.13:30)17:00～21:00(L.O.20:30),11:00～14:00(L.O.13:30)17:00～21:00(L.O.20:30),"￥1,000～￥1,999",無,9席,無
利しり（りしり）,新宿区歌舞伎町2-27-7 やなぎビル 1F,新宿区,3.58,535,20836,18:30～翌5:00,18:30～翌5:00,"￥1,000～￥1,999",無,27席,無
汁なし担担麺ピリリ（dandan noodles PiRiRi）,中央区日本橋人形町2-15-17 海老原ビル２F,中央区,3.58,524,18942,"11:00-15:00, 18:00-22:00（L.O）日曜・祝日も上記時間帯で営業年末年始は変則となります。別途お知らせ致します。**2023/12/29 ランチのみ2023/12/30から2024/1/1までお休み2024/1/2　ランチのみ2024/1/3　通常営業開始","11:00-15:00, 18:00-22:00（L.O）日曜・祝日も上記時間帯で営業年末年始は変則となります。別途お知らせ致します。**2023/12/29 ランチのみ2023/12/30から2024/1/1までお休み2024/1/2　ランチのみ2024/1/3　通常営業開始","￥1,000～￥1,999",無,23席,無
横浜家系らーめん侍 渋谷本店,渋谷区道玄坂2-6-6 和光ビル 1F,渋谷区,3.58,515,12332,[月～金]11:00～21:00[土・日・祝]9:00～21:00,[月～金]11:00～21:00[土・日・祝]9:00～21:00,～￥999,無,18席,無
光来（こうらい）,新宿区西新宿7-14-12,新宿区,3.58,511,18990,11:00～15:00 17:00～21:00,11:00～15:00 17:00～21:00,"￥1,000～￥1,999",無,11席,無
壱発ラーメン 八王子本店（いっぱつ・らーめん）,八王子市万町19-1,八王子市,3.58,495,15556,10:00～24:00,10:00～24:00,～￥999,有,情報なし席,有
熊王ラーメン（くまおうらーめん）,調布市国領町1-44-58,調布市,3.58,481,9154,11時00分～20時00分,11時00分～20時00分,～￥999,無,11席,無
煮干しらーめん青樹,立川市高松町3-14-1,立川市,3.58,464,12997,[月～金]11:00～23:00[土・祝日]11:00～22:00当面日曜日定休,[月～金]11:00～23:00[土・祝日]11:00～22:00当面日曜日定休,～￥999,有,30席,有
元祖敏々亭 びんびん 本店,八王子市子安町1-8-17,八王子市,3.58,462,11294,11：00～24：00◎11：00～24：00の通し営業,11：00～24：00◎11：00～24：00の通し営業,～￥999,有,20席,有
麺屋優光 銀座店,中央区銀座7-3-13 ニューギンザビル1号館,中央区,3.58,452,23839,月〜土　11:00～15:00、17:00～翌4:00 日・祝　10:00～15:00ランチタイムL.O.　14:45ディナータイムL.O.　翌3:30,月〜土　11:00～15:00、17:00～翌4:00 日・祝　10:00～15:00ランチタイムL.O.　14:45ディナータイムL.O.　翌3:30,～￥999,無,21席,無
東京らあめんタワー 芝大門本店,港区浜松町1-27-4,港区,3.58,442,9769,[月～金]11：00～15：0017：00～21 : 00[土・祝]11 :  00～15：00,[月～金]11：00～15：0017：00～21 : 00[土・祝]11 :  00～15：00,～￥999,無,15席,無
丸幸（まるこう）,武蔵野市境2-14-12 スイングマンション　１Ｆ,武蔵野市,3.58,430,8926,11:30～15:00 17:00～22:00,11:30～15:00 17:00～22:00,～￥999,有,24席,有
風雲児 東京ラーメン横丁店（FUUNJI）,中央区八重洲2-1 八重洲地下街 東京ラーメン横丁,中央区,3.58,427,5786,営業時間・休業営業時間・休業日は変更となる場合がございますので、HPにて最新情報をご確認ください,営業時間・休業営業時間・休業日は変更となる場合がございますので、HPにて最新情報をご確認ください,～￥999,無,19席,無
吉祥寺 真風（MAJI　きちじょうじまじ）,武蔵野市吉祥寺南町2-6-2 松岡ビル　１Ｆ,武蔵野市,3.58,425,19127,11:30～14:00 18:00～20:00,11:30～14:00 18:00～20:00,"￥1,000～￥1,999",無,11席,無
ぽっぽっ屋 水道橋店,千代田区神田三崎町2-21-11 ゑびすビル １Ｆ,千代田区,3.58,416,10619,［月～金］11:00～15:30／17:00～22:00［土・日・祝］11:00～17:00,［月～金］11:00～15:30／17:00～22:00［土・日・祝］11:00～17:00,～￥999,無,10席,無
ひろちゃんラーメン!,豊島区西池袋1-39-1 宮田ビル 1F,豊島区,3.58,407,10840,日～木11:00-23:00(L.o 22:30)金、土11:00-翌5:00(L.o 4:30),日～木11:00-23:00(L.o 22:30)金、土11:00-翌5:00(L.o 4:30),～￥999,無,20席,無
博多ラーメン 和（かず）,港区赤坂5-1-36 すずふりビル　1F,港区,3.58,402,14472,月～金11:00～16:0018:00～23:20(LO22:50)土11:00～21:00(LO21:00),月～金11:00～16:0018:00～23:20(LO22:50)土11:00～21:00(LO21:00),～￥999,無,12席,無
麺屋 焔（えん）,品川区大井1-53-5,品川区,3.58,378,12009,,,"￥1,000～￥1,999",無,12席,無
鶏ポタラーメンTHANK お茶の水（トリポタラーメン サンク）,千代田区神田錦町1-14-7 紅雪ビル 1F,千代田区,3.58,360,14763,[月～金] 11:30～15:00 18:00～22:00 [土・日] 11:30～15:00,[月～金] 11:30～15:00 18:00～22:00 [土・日] 11:30～15:00,～￥999,無,17席,無
麺ダイニング ととこ,千代田区神田小川町3-10-9 斉藤ビル 1F,千代田区,3.58,350,13196,【月〜土】11:00～23:00(L.O.22:30)【日】11:00〜15:00※しばらくの間【月〜土】11:00～22:30(L.O.22:00)【日】11:00〜15:00,【月〜土】11:00～23:00(L.O.22:30)【日】11:00〜15:00※しばらくの間【月〜土】11:00～22:30(L.O.22:00)【日】11:00〜15:00,"￥1,000～￥1,999",無,18席,無
天虎（てんこ）,港区芝大門2-9-8,港区,3.58,341,11442,11:00～16:00,11:00～16:00,～￥999,無,10席,無
荏原町 しなてつ（【旧店名：支那そば　てつや 】）,品川区中延5-6-19 末廣園ビル １Ｆ,品川区,3.58,331,8882,[火・水・木・金]11:30～15:00、17:30～24:00[土・日・祝日]11:30～22:30,[火・水・木・金]11:30～15:00、17:30～24:00[土・日・祝日]11:30～22:30,"￥1,000～￥1,999",無,11席,無
松波ラーメン店,世田谷区若林3-19-7,世田谷区,3.58,307,11663,,,～￥999,無,12席,無
らーめん なが田,江東区亀戸5-17-22,江東区,3.58,292,9271,10:30～15:00（売切れ次第終了）,10:30～15:00（売切れ次第終了）,～￥999,無,11席,無
ラーメン髭（らーめんひげ）,大田区大森本町2-28-5,大田区,3.58,286,7573,,,～￥999,無,9席,無
ラーショ マルミャー 池袋店（○猫）,豊島区池袋2-22-5 東仙第2ビル 1F,豊島区,3.58,277,8264,[月～木]11:00～14:30 18:00～21:30[金]11:00～14:30 18:00～22:00[土]11:00～14:30 17:00〜22:00[日]11:00～14:30 17:00〜20:30,[月～木]11:00～14:30 18:00～21:30[金]11:00～14:30 18:00～22:00[土]11:00～14:30 17:00〜22:00[日]11:00～14:30 17:00〜20:30,"￥1,000～￥1,999",無,13席,無
あいだや,台東区上野6-1-6 御徒町グリーンハイツ,台東区,3.58,233,15266,平日昼の部１１：００〜１５：００夜の部１７：３０〜２０：４５(L.O.)土日祝昼の部１１：００〜１４:００(L.O.)夜の部１７：３０〜２０：４５(L.O.),平日昼の部１１：００〜１５：００夜の部１７：３０〜２０：４５(L.O.)土日祝昼の部１１：００〜１４:００(L.O.)夜の部１７：３０〜２０：４５(L.O.),"￥1,000～￥1,999",無,9席,無
グッドモーニング ラーメンショップ（GOOD MORNING ラーメンショップ）,大田区羽田1-3-7,大田区,3.58,207,6581,[月・火・木・金]6:00～13:00,[月・火・木・金]6:00～13:00,～￥999,無,10席,無
昆布の塩らー麺専門店 マニッシュ 蔵前店（MANNISH）,台東区浅草橋3-25-6,台東区,3.58,197,7815,［平日］11:30〜15:30 18:00～20:00［土日祝］11:00～20:00,［平日］11:30〜15:30 18:00～20:00［土日祝］11:00～20:00,～￥999,無,情報なし席,無
ラーメン大冬樹 本店（ダイトウキ）,東大和市中央4-962-12 エクセル 102,東大和市,3.58,178,3032,11:00～21:30,11:00～21:30,"￥1,000～￥1,999",有,19席,有
永楽,江戸川区北小岩5-16-2,江戸川区,3.58,178,14027,新型コロナウイルスリバウンド防止対応昼の部　11時00分頃～14時（Lo13時45分）夜の部　17時45分頃～20時（Lo19時45分）※準備が整い次第OPEN※新鮮素材を安心してご提供させていただく為　その日仕入れた食材売り切り次第　早終ご了承下さい。通常営業  11時～14時　 17時～２2時半#インボイス対応済  ※混み合う時間帯は13時半以降　開店直後が比較的◎,新型コロナウイルスリバウンド防止対応昼の部　11時00分頃～14時（Lo13時45分）夜の部　17時45分頃～20時（Lo19時45分）※準備が整い次第OPEN※新鮮素材を安心してご提供させていただく為　その日仕入れた食材売り切り次第　早終ご了承下さい。通常営業  11時～14時　 17時～２2時半#インボイス対応済  ※混み合う時間帯は13時半以降　開店直後が比較的◎,"￥1,000～￥1,999",有,12席,有
めだか堂,中央区日本橋本石町4-5-15,中央区,3.58,133,2697,[月～金]11:00～21:00(L.O.20:30)[土.祝]11:00～18:00(L.O.17:30),[月～金]11:00～21:00(L.O.20:30)[土.祝]11:00～18:00(L.O.17:30),"￥1,000～￥1,999",無,情報なし席,無
担々麺 かんだ橋 本店,千代田区内神田3-23-3 大原第７ビル,千代田区,3.58,127,3726,[月～金]11:30～15:00(L.O.14:30) 　　　　18:00～21:00(L.O.20:30)　[土]11:30～15:00      (L.O.14:30)[日・祝]定休日※最新情報はTwitterにて,[月～金]11:30～15:00(L.O.14:30) 　　　　18:00～21:00(L.O.20:30)　[土]11:30～15:00      (L.O.14:30)[日・祝]定休日※最新情報はTwitterにて,"￥1,000～￥1,999",無,8席,無
三代目 博多 だるま,港区台場1-7-1 アクアシティお台場 5F,港区,3.58,120,4205,11:00～23:00 (L.O.22:30),11:00～23:00 (L.O.22:30),"￥1,000～￥1,999",有,22席,有
蛤麺しちり,杉並区荻窪5-28-10,杉並区,3.58,105,2946,12:00～15:30(L.O.15:15)17:00～22:00(L.O.21:45),12:00～15:30(L.O.15:15)17:00～22:00(L.O.21:45),"￥1,000～￥1,999",無,9席,無
TOKYO豚骨BASE MADE by博多一風堂 品川店,港区高輪3-26-27 エキュート品川サウス 1F,港区,3.57,908,11699,［月～金］7:00～22:30［土］7:00～21:00［日・祝］8:00～21:00,［月～金］7:00～22:30［土］7:00～21:00［日・祝］8:00～21:00,～￥999,無,28席,無
環七土佐っ子ラーメン（とさっこらーめん）,豊島区西池袋1-39-4 佐久間ビル　１Ｆ,豊島区,3.57,750,16613,[月～土]11:45～06:00[日・祝]11:45～05:00,[月～土]11:45～06:00[日・祝]11:45～05:00,"￥1,000～￥1,999",無,23席,無
なりたけ TOKYO 錦糸町店（ナリタケ トウキョウ）,墨田区錦糸3-3-2,墨田区,3.57,737,18249,[月・火・木～日]11:00～翌3:00,[月・火・木～日]11:00～翌3:00,～￥999,無,情報なし席,無
らーめん弁慶 門前仲町店（べんけい）,江東区深川1-1-8,江東区,3.57,698,13823,11:00～翌4:00,11:00～翌4:00,"￥1,000～￥1,999",無,15席,無
百麺 中目黒店（ぱいめん）,目黒区青葉台1-30-6 キャッスルマンション青葉台 1F,目黒区,3.57,628,20428,11:30～翌2:00,11:30～翌2:00,"￥1,000～￥1,999",無,21席,無
横浜ラーメン 町田家 新宿南口店,新宿区新宿4-1-20,新宿区,3.57,622,12354,11:00～22:00(L.O.21:30),11:00～22:00(L.O.21:30),～￥999,無,17席,無
博多濃麻呂 二子玉川店（はかたこくまろ）,世田谷区玉川3-14-6,世田谷区,3.57,600,15513,11:00～26:00,11:00～26:00,～￥999,無,7席,無
はぐれ雲,文京区本郷1-34-5 寿々屋ビル 1F,文京区,3.57,523,19806,11:00～22:00　(22:00Ｌ.O),11:00～22:00　(22:00Ｌ.O),～￥999,無,24席,無
しお貫（しおかん）,渋谷区恵比寿3-3-2,渋谷区,3.57,508,16861,[火～土]10:30～翌4:00[日･月]10:30～22:00,[火～土]10:30～翌4:00[日･月]10:30～22:00,～￥999,無,22席,無
サーモンnoodle3.0,新宿区神楽坂6-26 カーサイオキ3 102,新宿区,3.57,498,23790,2/4月曜日はイベント開催の為、ランチはお休みとなっております夜の営業は通常で17:00~20:40 L.O 閉店21時となります、ご理解ご協力お願いいたします<<無休で営業中です！>>11:00〜15:30（15:00 LO）17:00〜21:00（20:40 LO）,2/4月曜日はイベント開催の為、ランチはお休みとなっております夜の営業は通常で17:00~20:40 L.O 閉店21時となります、ご理解ご協力お願いいたします<<無休で営業中です！>>11:00〜15:30（15:00 LO）17:00〜21:00（20:40 LO）,"￥1,000～￥1,999",無,20席,無
博多長浜ラーメン 呑龍（はかたながはまらーめんどんりゅう）,港区東新橋1-2-13 川岸会館　１Ｆ,港区,3.57,485,17230,［月～金］11:00～14:00 18:00～翌2:00（L.O.翌1:30）［土］11:00～14:00 18:00～22:00［日］11:00～14:00 18:00～21:00,［月～金］11:00～14:00 18:00～翌2:00（L.O.翌1:30）［土］11:00～14:00 18:00～22:00［日］11:00～14:00 18:00～21:00,～￥999,無,23席,無
ラーメン長山,台東区根岸1-3-21,台東区,3.57,478,11388,11:00～23:50[日]11:00～23:30,11:00～23:50[日]11:00～23:30,～￥999,無,12席,無
麺屋 ふぅふぅ亭,新宿区矢来町118 石本マンション　1F,新宿区,3.57,465,14736,[月～金］11:30～15:40 (L.O15:30）17:30～22:30 (L.O22:00)  [土.日.祝]11：30～22:00（ＬＯ21:30）※麺やスープが終わり次第終了となります。※電子マネーのみ使用可,[月～金］11:30～15:40 (L.O15:30）17:30～22:30 (L.O22:00)  [土.日.祝]11：30～22:00（ＬＯ21:30）※麺やスープが終わり次第終了となります。※電子マネーのみ使用可,～￥999,無,19席,無
長岡食堂 東京ラーメン横丁店,中央区八重洲2-1 八重洲地下街 東京ラーメン横丁,中央区,3.57,458,6123,営業時間・休業営業時間・休業日は変更となる場合がございますので、HPにて最新情報をご確認ください,営業時間・休業営業時間・休業日は変更となる場合がございますので、HPにて最新情報をご確認ください,～￥999,無,20席,無
銀座 篝 大手町店,千代田区大手町1-9-2 大手町フィナンシャルシティグランキューブ B1F,千代田区,3.57,458,13384,［月～金］11:00～21:00［土］11:00～14:30,［月～金］11:00～21:00［土］11:00～14:30,"￥1,000～￥1,999",有,22席,有
武道家 本店（ブドウカ）,新宿区馬場下町62 白馬ビル 1F,新宿区,3.57,418,11372,[月～日]11:00～22:00,[月～日]11:00～22:00,～￥999,無,11席,無
月島ロック,中央区佃2-16-7,中央区,3.57,418,9322,,,"￥1,000～￥1,999",無,10席,無
横浜家系ラーメン 田中,千代田区神田三崎町3-1-10 水道橋ビル  1F,千代田区,3.57,415,9773,[月～金]10:30～22:00(L.O.21:55)[土・日・祝]10:30～18:30(L.O.18:25)※営業時間変更の場合があります。事前にSNSで告知していますのでご確認下さい。,[月～金]10:30～22:00(L.O.21:55)[土・日・祝]10:30～18:30(L.O.18:25)※営業時間変更の場合があります。事前にSNSで告知していますのでご確認下さい。,～￥999,無,13席,無
のりや食堂（【旧店名】のりや）,品川区東大井5-19-9 アーバンハイム　１Ｆ,品川区,3.57,405,11776,[月～金] 11:30～14:3017:30～翌1:00[土]11:30～15:00[日・祝]11:30～15:0017:30～21:00,[月～金] 11:30～14:3017:30～翌1:00[土]11:30～15:00[日・祝]11:30～15:0017:30～21:00,～￥999,無,18席,無
東京煮干屋本舗 中野本店,中野区新井2-1-1 オリーブガーデンアネックス 1F,中野区,3.57,379,13369,[月曜日〜土曜日]通常営業11:00～0:00テイクアウト営業11:00〜0:00,[月曜日〜土曜日]通常営業11:00～0:00テイクアウト営業11:00〜0:00,～￥999,無,12席,無
中華麺酒房 中華そば すずらん,渋谷区恵比寿1-7-12 久保ビル 1F,渋谷区,3.57,359,30893,11:30～15:30 18:00～23:00(L.O.22:30),11:30～15:30 18:00～23:00(L.O.22:30),"￥3,000～￥3,999",無,11席,無
大勝軒 飯田橋（たいしょうけん）,千代田区富士見2-12-16 富士見フラワーホーム　１Ｆ,千代田区,3.57,338,7958,11:00～15:3017:00～19:30,11:00～15:3017:00～19:30,～￥999,無,15席,無
麺屋りゅう,墨田区太平3-12-3 石川ビル 1F,墨田区,3.57,329,11733,11:30～14:30、19:00～23:00,11:30～14:30、19:00～23:00,"￥1,000～￥1,999",無,8席,無
まぜはる,台東区浅草橋4-4-5,台東区,3.57,323,15858,[月〜土] 11：00～14：30[月〜金] 18：00～21：00 (材料が無くなり次第閉店)ギリギリのお客様は20時頃までにお店に確認電話下さい。[祝日は不定休] 基本はお昼のみ営業してます。,[月〜土] 11：00～14：30[月〜金] 18：00～21：00 (材料が無くなり次第閉店)ギリギリのお客様は20時頃までにお店に確認電話下さい。[祝日は不定休] 基本はお昼のみ営業してます。,～￥999,無,10席,無
横浜家系らーめん 武源家,港区三田3-1-2 北村ビル 1F,港区,3.57,319,7588,,,～￥999,無,14席,無
ラーメン 大山家,武蔵野市境南町5-3-16,武蔵野市,3.57,292,5483,[月～土]11:00～23:00[日]11:00～22:00,[月～土]11:00～23:00[日]11:00～22:00,～￥999,有,17席,有
らーめん かつお拳,台東区浅草橋1-24-5 小島ビル 1F,台東区,3.57,284,7650,,,～￥999,無,15席,無
いと井 東京ラーメン横丁店,中央区八重洲2-1 地下街北1,中央区,3.57,284,3268,営業時間・休業営業時間・休業日は変更となる場合がございますので、HPにて最新情報をご確認ください,営業時間・休業営業時間・休業日は変更となる場合がございますので、HPにて最新情報をご確認ください,～￥999,無,14席,無
麺心 國もと,葛飾区高砂5-36-10 植村ビル1Ｆ,葛飾区,3.57,261,6377,11:00～15:0018:00～22:00,11:00～15:0018:00～22:00,"￥1,000～￥1,999",無,12席,無
りらくしん,世田谷区豪徳寺1-5-1,世田谷区,3.57,242,10134,11:30～13:30位18:00～20:30位（いずれもスープ切れ次第終了）,11:30～13:30位18:00～20:30位（いずれもスープ切れ次第終了）,～￥999,無,7席,無
たきちゃんラーメン,港区虎ノ門1-17-1 虎ノ門ヒルズ ビジネスタワー B1F,港区,3.57,227,4604,平日10:00～23:00土11:00～15:00、18:00～23:00日祝11:00～15:00、18:00～22:00,平日10:00～23:00土11:00～15:00、18:00～23:00日祝11:00～15:00、18:00～22:00,～￥999,有,26席,有
ウミノイロ マグロ卸のマグロ丼とラーメンの店,中央区銀座4-13-3 渡辺ビル 1F,中央区,3.57,207,15112,[火〜土]昼の部11:00〜14:30[火～金]夜の部17:00～20:00,[火〜土]昼の部11:00〜14:30[火～金]夜の部17:00～20:00,"￥1,000～￥1,999",無,8席,無
金町製麺,葛飾区金町6-2-1 ヴィナシス金町 1F,葛飾区,3.57,197,7419,[火・水・木・金・土・日]17:30～22:00(L.O.21:30)[土・日・祝日]12:00～14:00(L.O.),[火・水・木・金・土・日]17:30～22:00(L.O.21:30)[土・日・祝日]12:00～14:00(L.O.),"￥1,000～￥1,999",無,24席,無
用心棒 市ヶ谷飯田橋,新宿区市谷田町3-8-3 コアクツビル 1F,新宿区,3.57,196,5503,[平日]11:00～21:00(通し営業)[土・祝日]11:00～15:45,[平日]11:00～21:00(通し営業)[土・祝日]11:00～15:45,～￥999,無,10席,無
背脂煮干中華そば 我武者羅 初台店,渋谷区本町2-5-15 マツザワビル 1F,渋谷区,3.57,153,6297,[火~日]11:30～15:0018:00～23:00※営業時間は東京都のコロナ感染防止対策の要請に応じて変更することがあります。ご了承ください。,[火~日]11:30～15:0018:00～23:00※営業時間は東京都のコロナ感染防止対策の要請に応じて変更することがあります。ご了承ください。,～￥999,無,13席,無
LOKAHI（ロカヒ）,豊島区北大塚2-8-8 北大塚ビル 1F,豊島区,3.57,147,4599,11:00～15:00（L.O.14:30）17:00～22:00（L.O.21:30）,11:00～15:00（L.O.14:30）17:00～22:00（L.O.21:30）,"￥1,000～￥1,999",無,13席,無
中国酒家 辰春,目黒区中目黒2-10-11 プラムハイツ1階,目黒区,3.57,142,15835,「月～金曜、祝日」 18:00～23:00(LO) 「土曜」18:00〜22:30(ＬＯ） 最終入店22:00,「月～金曜、祝日」 18:00～23:00(LO) 「土曜」18:00〜22:30(ＬＯ） 最終入店22:00,"￥8,000～￥9,999",無,13席,無
栄屋 ミルクホール,千代田区神田多町2-2-2,千代田区,3.57,139,6380,11:00～14:0015:00～17:00,11:00～14:0015:00～17:00,"￥1,000～￥1,999",無,20席,無
中華そば マルキ食堂,世田谷区代田6-12-36 1F,世田谷区,3.57,85,5210,[火～日]11:00～15:00,[火～日]11:00～15:00,～￥999,無,5席,無
中華そば 青葉 中野本店（ちゅうかそばあおば）,中野区中野5-58-1 なかのまるひる 1F,中野区,3.56,1351,27133,10:30～21:00,10:30～21:00,～￥999,無,13席,無
175°DENO担担麺 GINZa（ヒャクナナジュウゴド デノタンタンメン）,中央区銀座2-6-16 銀座第2吉田ビル B1F,中央区,3.56,1103,40025,【営業】11時00分～21時00分L.O21時15分close【定休日】月曜日,【営業】11時00分～21時00分L.O21時15分close【定休日】月曜日,"￥1,000～￥1,999",無,21席,無
赤坂一点張（あかさかいってんばり）,港区赤坂3-7-9 一点張ビル　１Ｆ,港区,3.56,973,27831,日曜日、祝日,日曜日、祝日,"￥1,000～￥1,999",無,22席,無
雲林坊 九段店（ユンリンボウ）,千代田区九段北1-5-5 東建ニューハイツ九段 104,千代田区,3.56,834,32043,月〜金 11:00～LO22:30 店舗23:00土曜・祝 11:00〜LO20:30 店舗21:00,月〜金 11:00～LO22:30 店舗23:00土曜・祝 11:00〜LO20:30 店舗21:00,～￥999,無,11席,無
希須林 青山（キスリン）,港区南青山5-1-25 メゾンドラミア　２Ｆ,港区,3.56,809,49599,[ランチ] 　　11:00～14:30（L.O.14:00）[ディナー]　 17:30～22:00（L.O.21:30）※日曜日など、混み合う日は『２時間制』,[ランチ] 　　11:00～14:30（L.O.14:00）[ディナー]　 17:30～22:00（L.O.21:30）※日曜日など、混み合う日は『２時間制』,"￥5,000～￥5,999",無,38席,無
焼きあご塩らー麺 たかはし 上野店,台東区上野4-1-5,台東区,3.56,732,18036,平日 　11:00～22:00(LO 21:50) 土日祝 11:00～22:00(LO 21:50),平日 　11:00～22:00(LO 21:50) 土日祝 11:00～22:00(LO 21:50),～￥999,無,13席,無
九月堂,渋谷区神南1-15-12 佐藤ビル2F,渋谷区,3.56,549,21826,11:00-21:00※最新情報は公式ホームページまたはGoogleページをご覧ください。,11:00-21:00※最新情報は公式ホームページまたはGoogleページをご覧ください。,"￥1,000～￥1,999",無,19席,無
麺屋 音 別邸（メンヤ オト ベッテイ）,足立区千住4-19-11,足立区,3.56,507,17189,11：30～24：00,11：30～24：00,～￥999,無,10席,無
さっぽろ羅偉伝（サッポロライデン）,新宿区高田馬場3-12-8 高田馬場センタービル 1F,新宿区,3.56,491,12713,11:00～15:0017:00～22:00,11:00～15:0017:00～22:00,～￥999,無,13席,無
四川飯店 日本橋（Chen Kenichi’s China）,中央区日本橋室町2-2-1 コレド室町 2F,中央区,3.56,488,21161,[平　日]     11:00〜15:00　(L.O)14:30　　　 　　17:30〜22:00　(L.O)21:00[土日祝日]  11:00〜15:30　(L.O)15:00　　　 　　17:00〜22:00　(L.O)21:00,[平　日]     11:00〜15:00　(L.O)14:30　　　 　　17:30〜22:00　(L.O)21:00[土日祝日]  11:00〜15:30　(L.O)15:00　　　 　　17:00〜22:00　(L.O)21:00,"￥4,000～￥4,999",有,36席,有
家家家 飯田橋店（YAH-YAH-YA）,千代田区富士見2-7-2 プラーノモールC棟 1F,千代田区,3.56,473,10481,[月～金]11:00～翌1:30(L.O.翌1:00)[土・日・祝]11:00～23:30(L.O.23:00),[月～金]11:00～翌1:30(L.O.翌1:00)[土・日・祝]11:00～23:30(L.O.23:00),"￥1,000～￥1,999",無,12席,無
南国酒家 原宿本店（ナンゴクシュカ）,渋谷区神宮前6-35-3 コープオリンピア　１Ｆ・Ｂ１Ｆ,渋谷区,3.56,446,19046,［短縮営業時間］2024年1月9日（火）～当面の間▼月～金ランチ　11:30～15:30ディナー 17:00～21:30▼土日祝通し営業 11:30～21:30,［短縮営業時間］2024年1月9日（火）～当面の間▼月～金ランチ　11:30～15:30ディナー 17:00～21:30▼土日祝通し営業 11:30～21:30,"￥8,000～￥9,999",無,500席,無
旨辛ラーメン 表裏 高田馬場店,新宿区高田馬場2-14-27,新宿区,3.56,409,15025,営業時間のご案内［月～金］11:00～24:30(L.O24:00)［土・日・祝日］11:00～23:00(L.O22:30)＊スープ、材料無くなり次第終了＊ラストオーダーは閉店時間30分前,営業時間のご案内［月～金］11:00～24:30(L.O24:00)［土・日・祝日］11:00～23:00(L.O22:30)＊スープ、材料無くなり次第終了＊ラストオーダーは閉店時間30分前,"￥1,000～￥1,999",無,11席,無
新高揚（しんこうよう）,新宿区西新宿1-16-13 桑原ビル B1F,新宿区,3.56,406,10831,[月・火・水・木・金]11:00～22:00[土・祝]11:00～15:00,[月・火・水・木・金]11:00～22:00[土・祝]11:00～15:00,"￥1,000～￥1,999",無,18席,無
鶏豚骨 一學,新宿区四谷3-9,新宿区,3.56,368,7239,11:00～28:00（LO）,11:00～28:00（LO）,～￥999,無,11席,無
ねじ式,渋谷区幡ヶ谷2-47-12 田口ビル1F,渋谷区,3.56,351,10413,11:30～15:0018:00～22:00,11:30～15:0018:00～22:00,～￥999,無,9席,無
六厘舎 羽田空港店,大田区羽田空港2-6-5 東京スカイキッチン 3F,大田区,3.56,350,7360,4:00～翌1:00,4:00～翌1:00,"￥1,000～￥1,999",有,情報なし席,有
鼈（スッポン）,江戸川区南小岩7-27-7,江戸川区,3.56,342,6316,[水～月]11:00～15:1517:30～22:20(LO22:00),[水～月]11:00～15:1517:30～22:20(LO22:00),～￥999,無,9席,無
中華そば むら田,目黒区中目黒2-7-14 ニックハイム中目黒 1F,目黒区,3.56,309,11136,［月・水・木・金・土・日］11:15～16:0018:30～22:00,［月・水・木・金・土・日］11:15～16:0018:30～22:00,～￥999,無,8席,無
博多一瑞亭 三田店,港区芝5-14-1 マック三田コート102,港区,3.56,304,11213,●11:00～23:00(L/O22:30)※年末年始●12/30　11：00～21：30（L/O21：00）●12/31～1/3　休業●1/4より通常営業となります,●11:00～23:00(L/O22:30)※年末年始●12/30　11：00～21：30（L/O21：00）●12/31～1/3　休業●1/4より通常営業となります,～￥999,無,17席,無
きころく 成増,板橋区成増2-10-7 ドールボナール 1F,板橋区,3.56,300,6803,月曜定休日平日11:00-15:00/17:00-23:00土祝11:00-20:00日11:00-15:00ラストオーダー各10-15分前【売り切れ次第終了】,月曜定休日平日11:00-15:00/17:00-23:00土祝11:00-20:00日11:00-15:00ラストオーダー各10-15分前【売り切れ次第終了】,～￥999,無,20席,無
油そば専門店 GACHI（ガチ）,新宿区住吉町7-10 曙企画ビル 1F,新宿区,3.56,280,9468,[月～日]11:00～15:30 (LO.15:00) 17:00～21:00(LO.20:40),[月～日]11:00～15:30 (LO.15:00) 17:00～21:00(LO.20:40),～￥999,無,18席,無
濃菜麺 井の庄 荻窪店,杉並区上荻1-18-3 第2亀屋酒販ビル 1F,杉並区,3.56,276,8930,10:00～23:00,10:00～23:00,"￥1,000～￥1,999",無,情報なし席,無
担々麺 杉山（スギヤマ）,青梅市今寺4-5-24,青梅市,3.56,274,7054,[月・水・木・金]11:30～14:00(L.O.) 17:30～20:20(L.O.20:00)[土・日・祝]11:30～15:15(L.O.14:45) 17:30～20:20(L.O.20:00)※スープ無くなり次第閉店の場合あり,[月・水・木・金]11:30～14:00(L.O.) 17:30～20:20(L.O.20:00)[土・日・祝]11:30～15:15(L.O.14:45) 17:30～20:20(L.O.20:00)※スープ無くなり次第閉店の場合あり,"￥1,000～￥1,999",有,20席,有
中華そば 七面,町田市原町田4-5-19,町田市,3.56,262,8299,11:30～16:00,11:30～16:00,～￥999,無,10席,無
やじ満,江東区豊洲6-6-1 7街区管理施設棟 3F,江東区,3.56,254,18030,［月～土］5:00～13:00,［月～土］5:00～13:00,"￥1,000～￥1,999",有,情報なし席,有
むらもと,大田区北千束3-31-6,大田区,3.56,250,5999,11:00～,11:00～,"￥1,000～￥1,999",有,17席,有
ラーメン久保田,杉並区上荻1-4-3,杉並区,3.56,248,8483,,,～￥999,無,7席,無
東京タンメン トナリ 東陽町店,江東区東陽3-24-1 TK壱番館 1F,江東区,3.56,246,5799,10:30～22:00(L.O.21:45),10:30～22:00(L.O.21:45),～￥999,無,21席,無
ザ・ラーメン スモールアックス,品川区東大井5-3-5,品川区,3.56,245,8715,,,～￥999,無,8席,無
麺屋げんぞう,文京区湯島3-35-3 中村ビル 1F,文京区,3.56,232,8431,,,"￥1,000～￥1,999",無,6席,無
きりきり舞,品川区小山台1-33-11,品川区,3.56,228,8474,[火・水] 昼11:00～14:30・夜18:00～22:00 [木] 昼11:00～14:30[土・日・祝] 昼11:00～15:00・夜18:00～22:00,[火・水] 昼11:00～14:30・夜18:00～22:00 [木] 昼11:00～14:30[土・日・祝] 昼11:00～15:00・夜18:00～22:00,～￥999,無,8席,無
釜玉中華そば ナポレオン軒  京急蒲田店,大田区蒲田4-15-1,大田区,3.56,221,5356,11:00～15:0017:00～23:00,11:00～15:0017:00～23:00,～￥999,無,9席,無
喜多方食堂 山海（【旧店名】きたかた家）,墨田区太平3-9-9 1F,墨田区,3.56,218,4928,[月～金]7:00～15:00[土・日・祝]7:00～15:30,[月～金]7:00～15:00[土・日・祝]7:00～15:30,"￥1,000～￥1,999",無,11席,無
成蹊前ラーメン,武蔵野市吉祥寺北町3-4-3,武蔵野市,3.56,197,5097,11:15～15:30（L.O.）,11:15～15:30（L.O.）,～￥999,無,9席,無
中華そば 敦（アツシ）,葛飾区亀有5-41-4,葛飾区,3.56,192,6117,11:30～14:30　18:00～21:00 頃※麺が売り切れると早く閉店する事が有ります。,11:30～14:30　18:00～21:00 頃※麺が売り切れると早く閉店する事が有ります。,"￥1,000～￥1,999",無,11席,無
麺屋 藤むら,北区王子本町1-1-22 権現坂ビル 1F,北区,3.56,142,4381,火〜金　11:30～14:30（LO)　　　　18:00～21:00（LO)土・日　11:30～15:00（LO)＊スープなくなり次第終了夜の部の営業についてのお知らせ毎週木曜日のみ18:00〜21:00Loで営業再開しています,火〜金　11:30～14:30（LO)　　　　18:00～21:00（LO)土・日　11:30～15:00（LO)＊スープなくなり次第終了夜の部の営業についてのお知らせ毎週木曜日のみ18:00〜21:00Loで営業再開しています,～￥999,無,12席,無
らーめん ぶたまろ,大田区南蒲田2-6-5,大田区,3.56,118,3906,11:00～14:0018:00～20:30（L.O.）※第1第3第5火曜は昼営業のみ,11:00～14:0018:00～20:30（L.O.）※第1第3第5火曜は昼営業のみ,～￥999,無,7席,無
中国料理 琥珀,新宿区高田馬場3-13-3 高田馬場ファミリービル 1F,新宿区,3.56,116,9294,琥珀の店舗専用アプリに記載(臨時変更等あり)【中国料理琥珀】で検索＆ダウンロード☆,琥珀の店舗専用アプリに記載(臨時変更等あり)【中国料理琥珀】で検索＆ダウンロード☆,"￥4,000～￥4,999",無,12席,無
赤坂  華悦樓,港区赤坂3-21-10 赤坂青明会館 3F,港区,3.56,95,8614,ランチ 11:30～14:30(LO14:00)ディナー18:00～22:00(LO21:30),ランチ 11:30～14:30(LO14:00)ディナー18:00～22:00(LO21:30),"￥10,000～￥14,999",無,20席,無
らーめん にじいろ,八王子市西寺方町67-4,八王子市,3.56,95,6125,［火•水•木］11:00～14:00  17:00〜20:00［金•土•日•祝日］11:00〜15:00,［火•水•木］11:00～14:00  17:00〜20:00［金•土•日•祝日］11:00〜15:00,～￥999,有,8席,有
アントシカダ（ANTCICADA）,中央区日本橋馬喰町2-4-6 ログズビル 1F,中央区,3.56,71,5398,コース料理（完全予約制）[水・木・金]18:30～21:00[土]12:00〜14:30、18:30〜21:00コオロギラーメン（予約不要）［日］昼の部　11:00〜15:00夜の部　17:00〜21:00,コース料理（完全予約制）[水・木・金]18:30～21:00[土]12:00〜14:30、18:30〜21:00コオロギラーメン（予約不要）［日］昼の部　11:00〜15:00夜の部　17:00〜21:00,"￥10,000～￥14,999",無,12席,無
美食同源 銀座小はれ日より（ギンザコハレビヨリ）,中央区銀座1-15-8 銀座耀ビル B1F,中央区,3.56,63,7025,月～土・祝日 17:30～22:00 おまかせ料理コース (２名様～・要予約)※最終入店19:30=============================※上記以外の時間希望もご相談ください※店貸切相談承ります(９名様前後～),月～土・祝日 17:30～22:00 おまかせ料理コース (２名様～・要予約)※最終入店19:30=============================※上記以外の時間希望もご相談ください※店貸切相談承ります(９名様前後～),"￥6,000～￥7,999",無,18席,無
えびそば 一幻 八重洲地下街店（イチゲン）,中央区八重洲2-1 八重洲地下街 外堀地下2番通り,中央区,3.55,705,16622,11:00～22:00(L.O.21:00),11:00～22:00(L.O.21:00),～￥999,無,16席,無
中華徳大（ちゅうかとくだい）,杉並区荻窪5-13-6,杉並区,3.55,522,34826,[月～金]11:30～13:3017:30～20:00[土]17:00～20:00,[月～金]11:30～13:3017:30～20:00[土]17:00～20:00,～￥999,無,10席,無
らーめん  忍者,千代田区神田松永町17-3 秋葉原妙見屋ビル1F,千代田区,3.55,495,11336,月～土11:00～22:45（ＬＯ）日・祝11:00～21:30（ＬＯ）,月～土11:00～22:45（ＬＯ）日・祝11:00～21:30（ＬＯ）,～￥999,無,11席,無
松富（まつとみ）,中央区銀座6-4-16 花椿ビル　１Ｆ,中央区,3.55,477,19040,[月～金]11:00～15:00　17:00～4:00[土]11:00～15:00　18:00～22:00[日・祝]定休日,[月～金]11:00～15:00　17:00～4:00[土]11:00～15:00　18:00～22:00[日・祝]定休日,"￥1,000～￥1,999",無,15席,無
さとう 桜新町店,世田谷区桜新町1-13-9,世田谷区,3.55,449,10096,月曜～土曜　11：00～25：00日祝　　　　11：00～23：00※スープ、材料切れ次第終了,月曜～土曜　11：00～25：00日祝　　　　11：00～23：00※スープ、材料切れ次第終了,～￥999,無,17席,無
らーめん一途,墨田区錦糸2-3-7 小山ビル 1F,墨田区,3.55,445,15060,◆2月の定休日◆4日(日)・5日(月)・11日(日)・18日(日)・19日(月)・25日(日)※6日(火)・12日(月)・26日(月)はランチ営業のみです。[月～金]11:00～15:0017:30～22:00(現在、しばらくの間21時までの営業です）[土・祝]11:00～15:0017:30～21:00※スープが無くなり次第終了,◆2月の定休日◆4日(日)・5日(月)・11日(日)・18日(日)・19日(月)・25日(日)※6日(火)・12日(月)・26日(月)はランチ営業のみです。[月～金]11:00～15:0017:30～22:00(現在、しばらくの間21時までの営業です）[土・祝]11:00～15:0017:30～21:00※スープが無くなり次第終了,～￥999,無,12席,無
鷹流 高田馬場店（やたいらーめんたかりゅう）,新宿区高田馬場4-17-17 高田馬場プリンスマンション　１Ｆ,新宿区,3.55,445,18404,●月曜日～土曜日ランチAM11：30～PM3：00　ディナーPM5：00～PM10：00●日曜・祭日11：30～20：00※営業終了間際はTELにて確認をお願いします。※スープ・麺・食材等が終了したり、悪天候の場合、営業を終了する場合がございますのでご了承ください,●月曜日～土曜日ランチAM11：30～PM3：00　ディナーPM5：00～PM10：00●日曜・祭日11：30～20：00※営業終了間際はTELにて確認をお願いします。※スープ・麺・食材等が終了したり、悪天候の場合、営業を終了する場合がございますのでご了承ください,～￥999,無,8席,無
麺屋海神 吉祥寺店,武蔵野市吉祥寺南町1-5-9 くまもとビル 2F,武蔵野市,3.55,445,20411,11:00～23:00(L.O.),11:00～23:00(L.O.),～￥999,無,18席,無
わ蔵 新宿店,新宿区歌舞伎町1-10-11 平沢第一ビル 1F,新宿区,3.55,435,10703,24時間営業,24時間営業,"￥1,000～￥1,999",無,14席,無
長岡生姜ラーメン しょうがの湯,渋谷区渋谷3-10-12,渋谷区,3.55,428,13938,【全日】11:00～23:00,【全日】11:00～23:00,～￥999,無,13席,無
案山子（カカシ）,台東区上野6-2-11,台東区,3.55,412,15742,11:00～23:00（Lo22:30）,11:00～23:00（Lo22:30）,"￥1,000～￥1,999",無,19席,無
らーめん田丸（たまる）,目黒区下目黒1-5-20 コムトーヨービル 1F,目黒区,3.55,368,9212,11:20～23:00,11:20～23:00,"￥1,000～￥1,999",無,9席,無
めん徳 二代目 つじ田 新橋店,港区西新橋1-19-6 桔梗備前ビル 1F,港区,3.55,358,11143,[月～金] 11:00～16:00 [土・祝日] 11:00～16:00,[月～金] 11:00～16:00 [土・祝日] 11:00～16:00,"￥1,000～￥1,999",無,14席,無
宝来軒（ほうらいけん）,江戸川区中葛西2-22-9,江戸川区,3.55,355,12071,営業時間【平日】11:30〜14:30【金曜夜の営業】17:30～20:00 【土日(祝日の営業日)】11:30～15:00,営業時間【平日】11:30〜14:30【金曜夜の営業】17:30～20:00 【土日(祝日の営業日)】11:30～15:00,～￥999,有,59席,有
来集軒（らいしゅうけん）,台東区西浅草2-26-3,台東区,3.55,337,30292,12:00～18:00,12:00～18:00,～￥999,無,22席,無
豚山 上野店,台東区上野3-17-7,台東区,3.55,335,5427,営業時間・休業営業時間・休業日は変更となる場合がございますので、HPにて最新情報をご確認ください,営業時間・休業営業時間・休業日は変更となる場合がございますので、HPにて最新情報をご確認ください,～￥999,無,12席,無
ZOOT（ズート）,港区浜松町1-28-4 保木ビル1階,港区,3.55,320,10536,【昼】11:30～Lo.14:30(ラーメン屋として営業)【夜】17:00～23:00（焼き鳥ダイニングとして営業）,【昼】11:30～Lo.14:30(ラーメン屋として営業)【夜】17:00～23:00（焼き鳥ダイニングとして営業）,"￥1,000～￥1,999",無,29席,無
麺屋 えん寺（えんじ）,杉並区高円寺南1-6-11 共栄ハイツ東高円寺 1F,杉並区,3.55,316,7162,11:30～22:00（L.O.）　※スープ無くなり次第終了,11:30～22:00（L.O.）　※スープ無くなり次第終了,～￥999,無,15席,無
寿福（ジュフク）,目黒区緑が丘2-6-15 繁栄ビル　１F,目黒区,3.55,301,21190,11:00～14:00（L.O.13:30）17:00～20:00（L.O.19:00）※売り切れにより閉店時間が早まることがあります。,11:00～14:00（L.O.13:30）17:00～20:00（L.O.19:00）※売り切れにより閉店時間が早まることがあります。,"￥1,000～￥1,999",無,17席,無
らーめん武道家 口（クニガマエ）,国分寺市本町2-2-9,国分寺市,3.55,300,5578,,,～￥999,無,16席,無
麺屋 蕃茄（ばんか）,練馬区東大泉5-41-22,練馬区,3.55,297,6014,,,"￥1,000～￥1,999",無,14席,無
うりんぼ,台東区花川戸2-21-7,台東区,3.55,291,9300,11:30～14:30、17:40～2:00,11:30～14:30、17:40～2:00,～￥999,有,22席,有
笠岡らーめん TAKETONBO（タケトンボ）,中央区築地2-14-3 天羽ビル 1F,中央区,3.55,283,6427,11:00～15:30(L.O.15:00)17:00～21:30(L.O.21:00),11:00～15:30(L.O.15:00)17:00～21:30(L.O.21:00),～￥999,無,15席,無
漢ラーメン 室,墨田区江東橋3-8-7 錦糸町駅前プラザビル 1F,墨田区,3.55,271,4495,,,"￥1,000～￥1,999",無,12席,無
煮干しそば 虎愼（こしん）,中野区弥生町3-17-2,中野区,3.55,258,6443,［月～金］11:30～15:0017:00～20:00(L.O.19:45)［土・日・祝］11:30～20:00(L.O.19:45),［月～金］11:30～15:0017:00～20:00(L.O.19:45)［土・日・祝］11:30～20:00(L.O.19:45),～￥999,無,6席,無
陸 尾山台店,世田谷区等々力1-30-16 ライオンズマンション等々力 １F,世田谷区,3.55,256,6316,[火〜金]11:30〜14:30  18:00〜21:00[土・日・祝]11:30〜15:00※材料が無くなり次第終了,[火〜金]11:30〜14:30  18:00〜21:00[土・日・祝]11:30〜15:00※材料が無くなり次第終了,～￥999,無,12席,無
らーめん 玄,世田谷区北沢2-28-7 エルフェアシティ下北沢2 1F,世田谷区,3.55,243,9871,[月・火・木～日]11:30～14:3017:00～20:00,[月・火・木～日]11:30～14:3017:00～20:00,～￥999,無,8席,無
横浜家系 侍 池尻店（さむらい）,世田谷区池尻4-12-14,世田谷区,3.55,242,7908,[火～土]11:00～20:00(材料が無くなり次第、営業終了)[日]10:00〜15:00年末年始・ＧＷ・夏季休業あり臨時休業・売り切れによる早仕舞いあり※営業中は電話に出られない事があります。店休日および営業時間はTwitter@samurai_Ikejiriよりご確認ください。,[火～土]11:00～20:00(材料が無くなり次第、営業終了)[日]10:00〜15:00年末年始・ＧＷ・夏季休業あり臨時休業・売り切れによる早仕舞いあり※営業中は電話に出られない事があります。店休日および営業時間はTwitter@samurai_Ikejiriよりご確認ください。,"￥1,000～￥1,999",無,11席,無
立川 田田（da'da'）,立川市柴崎町2-3-2,立川市,3.55,236,4331,11:00～翌1:00,11:00～翌1:00,～￥999,無,情報なし席,無
横浜ラーメン おか本,世田谷区駒沢1-17-13,世田谷区,3.55,228,7223,[月]11:00～16:00[水～日]11:00～15:0016:00～20:00,[月]11:00～16:00[水～日]11:00～15:0016:00～20:00,～￥999,無,11席,無
旅人の木,杉並区荻窪5-29-6 1F,杉並区,3.55,221,9858,［月・火・水・土・日］11:30～15:0018:00～20:30［金］11:30～15:00,［月・火・水・土・日］11:30～15:0018:00～20:30［金］11:30～15:00,～￥999,無,情報なし席,無
カミノ（camino）,世田谷区三宿2-11-33,世田谷区,3.55,215,11745,[火～日]11:30～14:30時短営業中,[火～日]11:30～14:30時短営業中,"￥1,000～￥1,999",無,情報なし席,無
ラーメン　○菅（マルスガ）,葛飾区亀有5-45-8,葛飾区,3.55,208,4379,[水・金・土]11:30～15:0018:00～24:00[月・木・日]11:30～15:0018:00～22:00,[水・金・土]11:30～15:0018:00～24:00[月・木・日]11:30～15:0018:00～22:00,～￥999,無,情報なし席,無
寿限無 担々麺 上野店,台東区上野6-1-6,台東区,3.55,206,5715,11:00～23:00,11:00～23:00,"￥1,000～￥1,999",無,27席,無
徳島ラーメン はるま,新宿区西新宿7-11-2 ASP西新宿ビル 1F,新宿区,3.55,202,5507,(月)11時～23時30(L.O)(火)11時～23時30(L.O)(水)11時～23時30(L.O)(木)定休日(金)11時～23時30(L.O)(土)11時～23時30(L.O)(日)11時～23時30(L.O),(月)11時～23時30(L.O)(火)11時～23時30(L.O)(水)11時～23時30(L.O)(木)定休日(金)11時～23時30(L.O)(土)11時～23時30(L.O)(日)11時～23時30(L.O),～￥999,無,11席,無
熊公（くまこう）,中央区日本橋馬喰町2-5-11,中央区,3.55,187,5579,[月・火・木・金]11:00～14:30 17:00～19:00 [水]11:00～14:30,[月・火・木・金]11:00～14:30 17:00～19:00 [水]11:00～14:30,～￥999,無,9席,無
横浜家系ラーメン 大輝家,大田区蒲田4-16-8,大田区,3.55,182,3479,朝ラ7:00～11:00［月～金]7:00～24:00[土・日]11:00～24:00,朝ラ7:00～11:00［月～金]7:00～24:00[土・日]11:00～24:00,～￥999,無,13席,無
大学ラーメン（がんそながはま だいがくらーめん）,東大和市清原4-10-10,東大和市,3.55,158,2728,[水～金・日]11:30～15:0018:00～22:00[火]18:00～22:00[土・祝]11:30～22:00月曜祝日の場合は営業，火曜日が休みになります,[水～金・日]11:30～15:0018:00～22:00[火]18:00～22:00[土・祝]11:30～22:00月曜祝日の場合は営業，火曜日が休みになります,～￥999,有,14席,有
麺処あずき,八王子市本町14-10 金子ビル102,八王子市,3.55,136,3811,,,～￥999,無,8席,無
拉麺 はま家,中央区日本橋小伝馬町8-5,中央区,3.55,136,4373,[月～土]11:30～14:30 17:00～20:30,[月～土]11:30～14:30 17:00～20:30,"￥1,000～￥1,999",無,8席,無
麺屋 おやゆび,港区芝2-30-9 プロシード三田 1F,港区,3.55,134,3447,11:00～15:00 18:00～21:00[水]11:00～15:00,11:00～15:00 18:00～21:00[水]11:00～15:00,～￥999,無,情報なし席,無
だれやめや,杉並区阿佐谷南3-34-10,杉並区,3.55,89,9018,18:00～23:00お食事ラストオーダー22:00ドリンク22：00(☆らぁ麺、つけ麺は、スープなくなり次第終了),18:00～23:00お食事ラストオーダー22:00ドリンク22：00(☆らぁ麺、つけ麺は、スープなくなり次第終了),"￥4,000～￥4,999",無,15席,無
東京スタイルみそらーめん ど・みそ  京橋本店,中央区京橋3-4-3 千成ビル　１Ｆ,中央区,3.54,1615,50307,【月〜金】10:30〜22:30【土.日.祝】10:30〜21:00,【月〜金】10:30〜22:30【土.日.祝】10:30〜21:00,"￥1,000～￥1,999",無,11席,無
つじ田 神田御茶ノ水店,千代田区神田小川町1-4 和田ビル 1F,千代田区,3.54,1458,36317,[月～金]11:00～23:00（売り切れ次第終了）[土・日・祝]11:00～21:00（売り切れ次第終了）,[月～金]11:00～23:00（売り切れ次第終了）[土・日・祝]11:00～21:00（売り切れ次第終了）,"￥1,000～￥1,999",無,16席,無
東京煮干し らーめん玉 東京駅店,千代田区丸の内1-9-1 東京駅一番街 B1F 東京ラーメンストリート,千代田区,3.54,1265,16132,営業時間8時30分～23時（ラストオーダー22時30分）,営業時間8時30分～23時（ラストオーダー22時30分）,～￥999,無,30席,無
175°DENO担担麺 TOKYO（ヒャクナナジュウゴドデノ担担麺）,新宿区西新宿7-2-4 新宿MSビル 1F,新宿区,3.54,685,21845,◎日・月・火・木・金・土　　11:00~21:45L.O.(22:00close)＊水曜日定休175GINZa(銀座店)もございます。,◎日・月・火・木・金・土　　11:00~21:45L.O.(22:00close)＊水曜日定休175GINZa(銀座店)もございます。,～￥999,無,22席,無
荒海（あらうみ）,渋谷区代々木2-16-9,渋谷区,3.54,552,12241,[月～土]　11:00～翌3:00[日・祝]　11:00～21:00休憩時間なしの通し営業なのでアイドルタイム（15:00～17:00）が空いていて便利です。,[月～土]　11:00～翌3:00[日・祝]　11:00～21:00休憩時間なしの通し営業なのでアイドルタイム（15:00～17:00）が空いていて便利です。,～￥999,無,10席,無
三三七 大森店（三三㐂）,大田区山王2-2-13,大田区,3.54,471,10119,11時～23時（L.O.22時）,11時～23時（L.O.22時）,"￥1,000～￥1,999",無,32席,無
横浜家系らーめん 武術家,品川区大井1-50-14 SK幸生ビル 1F,品川区,3.54,466,8757,11:00～翌2:00,11:00～翌2:00,～￥999,有,10席,有
京都銀閣寺 ますたに 日本橋本店,中央区日本橋2-10-3 エグゼトゥール日本橋 1F,中央区,3.54,452,12920,[月～金]10:30～22:30[土・日・祝]10:30～22:00[第1日]10:30～15:00,[月～金]10:30～22:30[土・日・祝]10:30～22:00[第1日]10:30～15:00,～￥999,無,情報なし席,無
麺うらた,目黒区自由が丘1-12-5 1F,目黒区,3.54,425,10906,,,～￥999,無,11席,無
餃子荘 紅蜥蜴（ギョウザソウベニトカゲ）,世田谷区新町2-4-15,世田谷区,3.54,376,15633,11:00～14:15 17:30～22:00(L.O.21:15),11:00～14:15 17:30～22:00(L.O.21:15),"￥1,000～￥1,999",無,20席,無
中華料理 大宝（タイホウ）,港区南麻布2-7-23,港区,3.54,363,17679,11:30～14:00 18:00～22:00(L.O.21:30),11:30～14:00 18:00～22:00(L.O.21:30),"￥1,000～￥1,999",無,18席,無
焼麺　劔（つるぎ、剣）,新宿区高田馬場2-6-10 関ビル 1F,新宿区,3.54,362,18391,11:30～ 20:00(L.O.19:30)          祝日営業,11:30～ 20:00(L.O.19:30)          祝日営業,～￥999,無,10席,無
百年本舗 秋葉原総本店,千代田区外神田3-8-9 昌徳ビル1Ｆ,千代田区,3.54,359,10356,11:00～22:00,11:00～22:00,～￥999,無,16席,無
三吉（らーめん三吉）,中央区銀座8-7 銀座ナイン2号館 B1F,中央区,3.54,339,20107,11:30～13:3017:00～19:00,11:30～13:3017:00～19:00,"￥1,000～￥1,999",無,9席,無
赤羽京介,北区赤羽西1-7-1 パルロード3 ループ館 1F,北区,3.54,317,8563,11:30〜15:0017:30〜22:00,11:30〜15:0017:30〜22:00,～￥999,有,15席,有
寿限無 担々麺,中央区日本橋堀留町1-8-15,中央区,3.54,310,9420,［月～金］11:00～16:00 17:30～23:00［土・祝］11:00～16:00 17:30～21:00,［月～金］11:00～16:00 17:30～23:00［土・祝］11:00～16:00 17:30～21:00,"￥1,000～￥1,999",無,16席,無
銀座 篝 六本木ヒルズ店,港区六本木6-4-1 六本木ヒルズ メトロハット ハリウッドプラザ B2F,港区,3.54,292,6714,,,"￥1,000～￥1,999",有,17席,有
煮干し中華そば 江古田 三四郎,練馬区栄町4-7 西村ビル 1F,練馬区,3.54,292,7055,11:30～15:0017:00～22:00スープ売り切れ次第終了。テイクアウトの販売なし。,11:30～15:0017:00～22:00スープ売り切れ次第終了。テイクアウトの販売なし。,～￥999,無,5席,無
らーめん弁慶 堀切店（べんけい）,葛飾区小菅2-21-13,葛飾区,3.54,278,4727,11:00～翌3:00,11:00～翌3:00,～￥999,無,10席,無
イノショウ（INOSHOW）,西東京市東町3-14-5 エミオ保谷 1F,西東京市,3.54,261,3913,10:00～24:00,10:00～24:00,"￥1,000～￥1,999",無,17席,無
上々家,大田区萩中3-4-4 1F,大田区,3.54,261,5167,,,～￥999,有,38席,有
オリオン食堂（おりおんしょくどう）,豊島区南長崎5-15-3,豊島区,3.54,245,5605,[月～水・金～日]11:00～翌6:00[木]11:00～翌2:00毎週火曜日はチャレンジオリオン。その日限定のラーメン、つけ麺。,[月～水・金～日]11:00～翌6:00[木]11:00～翌2:00毎週火曜日はチャレンジオリオン。その日限定のラーメン、つけ麺。,～￥999,無,19席,無
中華そば専門店 勝や（かつや）,世田谷区梅丘1-22-11,世田谷区,3.54,244,7916,11:00～14:3017:30～19:30,11:00～14:3017:30～19:30,～￥999,無,10席,無
らーめん いっとく,文京区千駄木3-49-10,文京区,3.54,241,7847,月曜～土曜11:00～22:30日曜11:00～15:4517:30～22:30,月曜～土曜11:00～22:30日曜11:00～15:4517:30～22:30,"￥1,000～￥1,999",無,17席,無
壱蔵家,新宿区百人町1-23-3,新宿区,3.54,235,5610,,,～￥999,無,11席,無
麺処いのこ 平和台店,練馬区平和台2-52-8,練馬区,3.54,235,7223,,,～￥999,無,8席,無
ふうりゅう 梅島本店,足立区梅田8-3-11,足立区,3.54,229,5041,11:30～14:3017:30～21:30（L.O.21:00）,11:30～14:3017:30～21:30（L.O.21:00）,"￥1,000～￥1,999",無,11席,無
らーめん勝（かつ）,江戸川区篠崎町7-13-20,江戸川区,3.54,227,5274,[月～土]17:00～23:00,[月～土]17:00～23:00,"￥1,000～￥1,999",無,8席,無
とんくる,渋谷区笹塚2-11-7,渋谷区,3.54,215,6131,"[月～土]11:00～15:50 , 17:30〜19:50","[月～土]11:00～15:50 , 17:30〜19:50","￥1,000～￥1,999",無,12席,無
成竜（せいりゅう）,葛飾区東新小岩1-14-5,葛飾区,3.54,212,4894,,,"￥1,000～￥1,999",無,7席,無
四川料理 蜀彩（しょくさい）,世田谷区経堂1-12-10 松原ビル2F,世田谷区,3.54,201,15893,11:30～14:30（L.O.14:00）17:30～22:30（L.O.21:30）,11:30～14:30（L.O.14:00）17:30～22:30（L.O.21:30）,"￥4,000～￥4,999",無,22席,無
鮎ラーメン+ 虎ノ門横丁店,港区虎ノ門1-17-1 虎ノ門ヒルズ ビジネスタワー 3F,港区,3.54,200,5508,11：30〜15：00(L.O.14:30)17：00〜22：00(L.O.21:30)金・土の場合17:00～22:30(L.O.22:00),11：30〜15：00(L.O.14:30)17：00〜22：00(L.O.21:30)金・土の場合17:00～22:30(L.O.22:00),"￥2,000～￥2,999",有,23席,有
札幌味噌らーめん ひつじの木 大森本店,大田区大森北1-3-9 春日ビル 1F,大田区,3.54,197,5631,11:00~21:00,11:00~21:00,"￥1,000～￥1,999",無,19席,無
横濱 本丸亭  新橋店,港区新橋4-15-8 ルグランシェルビル21 1F,港区,3.54,196,4881,,,"￥1,000～￥1,999",無,8席,無
浅草 生田庵（いくたあん）,台東区花川戸1-6-4,台東区,3.54,192,6557,【営業時間】10:00～22:30,【営業時間】10:00～22:30,～￥999,無,13席,無
麺や樽座 小宮店（めんや たるざ）,八王子市小宮町941-1,八王子市,3.54,191,3213,※2023/12〜閉店時間が早まる日がありますm(__)m例:土曜 閉店21:00など月〜土曜 11:30〜23:00（ラストオーダー22:45)日・祝 11:30〜21:00(ラストオーダー20:45)最新の情報は当店のTwitterやInstagramをご確認ください,※2023/12〜閉店時間が早まる日がありますm(__)m例:土曜 閉店21:00など月〜土曜 11:30〜23:00（ラストオーダー22:45)日・祝 11:30〜21:00(ラストオーダー20:45)最新の情報は当店のTwitterやInstagramをご確認ください,～￥999,有,27席,有
輝道家 水道橋駅前店,千代田区神田三崎町2-20-10 勝又ビル 1F,千代田区,3.54,182,4221,11:00～21:00,11:00～21:00,"￥1,000～￥1,999",無,12席,無
つばさ家 武蔵境店（つばさや）,武蔵野市境1-12-2 シーザスパレスビル　１Ｆ,武蔵野市,3.54,177,4692,[月～土]11:30～16:00 17:00～24:00[日]11:30～16:00,[月～土]11:30～16:00 17:00～24:00[日]11:30～16:00,～￥999,有,15席,有
ら～めん 熊八,八王子市散田町3-18-4 青木ビル1F,八王子市,3.54,173,4253,[月～土]10:30～21:30(L.O.)[日]10:30～20:00(L.O.),[月～土]10:30～21:30(L.O.)[日]10:30～20:00(L.O.),～￥999,無,9席,無
ラーメンの店 ホープ軒 環七丸山店,中野区野方4-22-4,中野区,3.54,172,3605,24時間営業,24時間営業,～￥999,無,情報なし席,無
楽山（らくざん）,調布市若葉町2-22-10,調布市,3.54,167,6909,[火～日]11:00～14:00(L.O.13:45)17:00～21:00(L.O.20:30),[火～日]11:00～14:00(L.O.13:45)17:00～21:00(L.O.20:30),"￥2,000～￥2,999",無,16席,無
ホルモン和（ホルモンカズ）,墨田区押上1-18-6,墨田区,3.54,166,10604,＜月～金＞17：00～22：30（L.O フード・ソフトドリンク/アルコール 22：00）＜土・日・祝＞12：00～22：30（L.O フード・ソフトドリンク/アルコール 22：00）,＜月～金＞17：00～22：30（L.O フード・ソフトドリンク/アルコール 22：00）＜土・日・祝＞12：00～22：30（L.O フード・ソフトドリンク/アルコール 22：00）,"￥3,000～￥3,999",無,50席,無
蔵前 中華そば 高ひろ,台東区蔵前3-16-3 シンエイマンション蔵前 1F,台東区,3.54,164,4999,[火～金]11:00～14:30[土・日・祝]11:00～15:00※スープ無くなり次第終了,[火～金]11:00～14:30[土・日・祝]11:00～15:00※スープ無くなり次第終了,～￥999,無,14席,無
ラーメン見田家,練馬区練馬1-5-2 新日本パレス本社ビル 1F,練馬区,3.54,161,2903,8:00～24:00(L.O.23:30),8:00～24:00(L.O.23:30),～￥999,無,8席,無
らーめん いごっそう,練馬区関町南4-25-18,練馬区,3.54,156,4353,,,～￥999,有,情報なし席,有
麺屋 義,台東区谷中3-24-1 野口ビル1F,台東区,3.54,152,7139,11:30～14:00 18:00～22:30,11:30～14:00 18:00～22:30,"￥1,000～￥1,999",無,10席,無
麺巧 潮 上野製麺所（ウシオ）,台東区東上野3-22-2 クレアツィオーネ上野 1F,台東区,3.54,143,6805,［月〜金］11:00〜15:00［土・日・祝］11:00〜15:00,［月〜金］11:00〜15:00［土・日・祝］11:00〜15:00,～￥999,無,情報なし席,無
まる政,江戸川区平井6-43-3,江戸川区,3.54,141,4385,11:00～14:00,11:00～14:00,～￥999,無,12席,無
つけ麺 陽,葛飾区堀切4-57-15,葛飾区,3.54,139,2708,[月・火・金]11:30～14:0018:30～21:00[水]11:30～14:00[土・祝]11:30～14:3018:30～21:00[日]11:30～14:30,[月・火・金]11:30～14:0018:30～21:00[水]11:30～14:00[土・祝]11:30～14:3018:30～21:00[日]11:30～14:30,"￥1,000～￥1,999",無,8席,無
中野 邦ちゃんラーメン,中野区中野2-28-8,中野区,3.54,135,3853,[月・水～土]10:00～15:00 17:00～22:00[火]10:00~15:00[日・祝]10:00～15:00 17:00～21:00,[月・水～土]10:00～15:00 17:00～22:00[火]10:00~15:00[日・祝]10:00～15:00 17:00～21:00,～￥999,無,15席,無
中華そば 喜富,豊島区北大塚2-14-8 林ビル 1F,豊島区,3.54,133,2756,11:00～22:00,11:00～22:00,"￥1,000～￥1,999",無,12席,無
會津・喜多方らーめん 愛絆（すずな）,北区上十条3-29-6,北区,3.54,119,3881,[火・木・金]11:00～14:30(L.O)17:00～20:00(L.O)[土・日・祝]11:00～14:30(L.O)17:00〜20:00(L.O)※麺、スープが無くなり次第終了,[火・木・金]11:00～14:30(L.O)17:00～20:00(L.O)[土・日・祝]11:00～14:30(L.O)17:00〜20:00(L.O)※麺、スープが無くなり次第終了,"￥1,000～￥1,999",無,30席,無
中華蕎麦 丸め 東久留米店（チュウカソバマルメ）,東久留米市中央町6-1-24,東久留米市,3.54,118,2409,,,～￥999,有,14席,有
ラーメン 西ちゃん（ラーメン ニシちゃん）,豊島区南長崎4-42-7,豊島区,3.54,105,3369,[木～日］11:00～14:3018:00～20:30,[木～日］11:00～14:3018:00～20:30,～￥999,無,7席,無
拉麺 生姜と肉,江戸川区平井5-14-7,江戸川区,3.54,80,2482,11:30～15:0018:00～21:00,11:30～15:0018:00～21:00,"￥1,000～￥1,999",無,8席,無
金魚ヌードル（kingyo noodles）,千代田区神田司町2-16-10 至誠堂ビル B1F,千代田区,3.54,77,2787,[月～金]11:30～15:0017:00～22:00[土]17:00～22:00,[月～金]11:30～15:0017:00～22:00[土]17:00～22:00,～￥999,無,情報なし席,無
屯ちん 池袋本店（とんちん）,豊島区南池袋2-26-2,豊島区,3.53,1191,25338,9：00～23：００,9：00～23：００,～￥999,無,17席,無
ラーメン龍の家 新宿小滝橋通り店（RAMEN TATSUNOYA）,新宿区西新宿7-4-5 富士野ビル 1F,新宿区,3.53,1103,37362,現在、時短営業中11:00～22:00(22時までご入店いただけます)通常11:00～23:30(オーダーストップ23:00)※お並び頂く場合も23:00受付終了,現在、時短営業中11:00～22:00(22時までご入店いただけます)通常11:00～23:30(オーダーストップ23:00)※お並び頂く場合も23:00受付終了,"￥1,000～￥1,999",無,18席,無
ホープ軒本舗 吉祥寺店（ほーぷけんほんぽ）,武蔵野市吉祥寺本町1-14-12,武蔵野市,3.53,716,14310,11:00～24:00,11:00～24:00,～￥999,無,15席,無
ぶぶか 吉祥寺北口店,武蔵野市吉祥寺本町1-7-1 1F,武蔵野市,3.53,578,14888,［月～金］11:30～23:00［土・日・祝］11:00～23:00,［月～金］11:30～23:00［土・日・祝］11:00～23:00,～￥999,無,12席,無
節骨麺たいぞう 池袋総本店（ぶしこつめんたいぞう）,豊島区西池袋1-24-8 江戸半ビル　１Ｆ,豊島区,3.53,477,10949,11:00～22:30(LO22:15),11:00～22:30(LO22:15),"￥1,000～￥1,999",無,28席,無
風は南から（カゼハミナミカラ）,品川区小山4-4-2,品川区,3.53,405,8675,[月・火・木・金・土]11:00～22:45[水]11:00～16:45 18:30～22:45[日・祝]11:00～22:30※スープの状況で早めに閉店する場合あり,[月・火・木・金・土]11:00～22:45[水]11:00～16:45 18:30～22:45[日・祝]11:00～22:30※スープの状況で早めに閉店する場合あり,"￥1,000～￥1,999",無,13席,無
つけ麺屋 ひまわり（つけめんや ひまわり）,新宿区高田馬場3-4-16 ＭＫビル　１Ｆ,新宿区,3.53,377,10538,平日 11:00～22:00（L.o.21:40）通し営業土日 11:00～15:00不定休となります。※祝日も曜日通り営業しております。何卒、ご理解、ご協力の程宜しくお願いいたします。,平日 11:00～22:00（L.o.21:40）通し営業土日 11:00～15:00不定休となります。※祝日も曜日通り営業しております。何卒、ご理解、ご協力の程宜しくお願いいたします。,～￥999,無,24席,無
鶏そば みた葉,新宿区歌舞伎町1-3-16 東金ビル 1Ｆ,新宿区,3.53,372,14934,【月〜日・祝】11:30〜15:00(L.O)17:00〜翌6:00（L.O 5:45）※スタッフの出勤状況により、営業時間変更あり。詳しくは公式X(旧Twitter)をご確認いただけると幸いです。,【月〜日・祝】11:30〜15:00(L.O)17:00〜翌6:00（L.O 5:45）※スタッフの出勤状況により、営業時間変更あり。詳しくは公式X(旧Twitter)をご確認いただけると幸いです。,～￥999,無,16席,無
支那麺 はしご 銀座四丁目店,中央区銀座4-13-1,中央区,3.53,371,11703,[月～土]11:00～21:00,[月～土]11:00～21:00,"￥1,000～￥1,999",無,16席,無
四川担担麺 阿吽 浅草,台東区西浅草1-1-13 カーサ田原町 1F,台東区,3.53,349,13790,［月～日、祝日］昼 11：00～15：00※材料なくなり次第閉店※当面の間、昼時間のみ営業となります。(上記、変更の場合、HP等にてご案内いたします),［月～日、祝日］昼 11：00～15：00※材料なくなり次第閉店※当面の間、昼時間のみ営業となります。(上記、変更の場合、HP等にてご案内いたします),～￥999,無,8席,無
Rahmen Eddie（ラーメン エディ）,新宿区新宿1-11-7,新宿区,3.53,334,13440,11:00〜21:00,11:00〜21:00,"￥1,000～￥1,999",無,14席,無
高級中国四川料理 登龍 麹町店（トウリュウ）,千代田区麹町4-2-2,千代田区,3.53,329,14405,[月～土]11:15～15:00(L.O.14:30)17:30～21:30(L.O.21:00),[月～土]11:15～15:00(L.O.14:30)17:30～21:30(L.O.21:00),"￥2,000～￥2,999",無,126席,無
家系ラーメン 武将家,千代田区外神田4-2-7 1F,千代田区,3.53,313,6948,11:00～22:00,11:00～22:00,～￥999,無,10席,無
ラーメン炙り（あぶり）,足立区千住3-55 １Ｆ,足立区,3.53,284,8445,「昼の部」11：30～15：00ラストオーダー15分前「夜の部」17：30～22:00ラストオーダー30分前スープなくなり次第終了いたします。日曜日11:30〜15:00スープなくなり次第終了いたします。,「昼の部」11：30～15：00ラストオーダー15分前「夜の部」17：30～22:00ラストオーダー30分前スープなくなり次第終了いたします。日曜日11:30〜15:00スープなくなり次第終了いたします。,～￥999,無,12席,無
もみじ屋,杉並区和泉2-9-21,杉並区,3.53,284,18062,[月～金]11:30～14:30(L.O.14:00)17:00～20:00(L.O.19:30),[月～金]11:30～14:30(L.O.14:00)17:00～20:00(L.O.19:30),～￥999,無,11席,無
らーめん 鴨&葱,豊島区巣鴨1-11-4 スカイタワーアネックス 1F,豊島区,3.53,280,7532,11月24日(木)からの営業時間【平日】　11:00～22:45(スープが無くなり次第終了)【土日祝】11:00～22:45(スープが無くなり次第終了),11月24日(木)からの営業時間【平日】　11:00～22:45(スープが無くなり次第終了)【土日祝】11:00～22:45(スープが無くなり次第終了),～￥999,無,13席,無
大勝軒まるいち 赤羽店（マルイチ）,北区赤羽1-5-2 スガイガーデンビル 1F,北区,3.53,266,4728,［平日・土］　11:00～23:00［日・祝日］11:00～22:00,［平日・土］　11:00～23:00［日・祝日］11:00～22:00,"￥1,000～￥1,999",無,20席,無
家系ラーメン 武将家 外伝,千代田区神田松永町16,千代田区,3.53,262,4271,,,～￥999,無,13席,無
ラーメン 神田店（【旧店名】ラーメン二郎 神田店）,中央区日本橋本石町4-4-17,中央区,3.53,260,6768,［月～金］11:00～14:30 17:00～20:00［土］11:00～14:00,［月～金］11:00～14:30 17:00～20:00［土］11:00～14:00,～￥999,無,12席,無
田中そば店  浅草店,台東区浅草1-1-8,台東区,3.53,259,5131,[月～金]11:00～15:4517:00～21:00[土・日・祝]11:00～21:00,[月～金]11:00～15:4517:00～21:00[土・日・祝]11:00～21:00,～￥999,無,情報なし席,無
豚山 町田店,町田市原町田6-20-3 あさのビル 1F,町田市,3.53,251,4577,営業時間・休業営業時間・休業日は変更となる場合がございますので、HPにて最新情報をご確認ください,営業時間・休業営業時間・休業日は変更となる場合がございますので、HPにて最新情報をご確認ください,～￥999,無,12席,無
くるめや,港区西新橋1-18-11 ル・グラシエルビル15,港区,3.53,249,11390,[月～土]11:00～14:0017:00～22:00,[月～土]11:00～14:0017:00～22:00,～￥999,無,11席,無
やきとり宮川 四ツ谷,千代田区六番町15-2 四ツ谷鳳翔ビル1F,千代田区,3.53,239,19960,ディナーのみ営業【月～金】17:00~23:00(L.O22:00)【土】17:00~22:00(L.O21:00)※お席が混み合った場合、2h制をお願いしております,ディナーのみ営業【月～金】17:00~23:00(L.O22:00)【土】17:00~22:00(L.O21:00)※お席が混み合った場合、2h制をお願いしております,"￥6,000～￥7,999",無,40席,無
狼煙屋（のろしや）,東大和市清水6-1257-17,東大和市,3.53,233,3487,11:00～21:00,11:00～21:00,～￥999,有,10席,有
辛麺 真空,町田市原町田4-1-5 ハイストーンⅡ1Ｆ,町田市,3.53,232,6111,［火～日］11:30～21:00,［火～日］11:30～21:00,～￥999,無,10席,無
御天 井草本店（ごてん）,杉並区井草1-29-3,杉並区,3.53,232,6347,［水～金］11:30～14:00／17:00～22:00［土・日・祝］11:30～22:00,［水～金］11:30～14:00／17:00～22:00［土・日・祝］11:30～22:00,"￥1,000～￥1,999",無,22席,無
モンタナ,武蔵野市吉祥寺本町2-10-2 本町田中ビル 1F,武蔵野市,3.53,215,10312,ランチタイム11:30～15:00ディナータイム17:00～,ランチタイム11:30～15:00ディナータイム17:00～,～￥999,無,14席,無
新福菜館 浜松町店,港区浜松町1-23-4 昭栄ビル 1F,港区,3.53,213,4695,[月～土]11:00～15:0017:30～23:00[日・祝]11:00～15:0017:30～21:00,[月～土]11:00～15:0017:30～23:00[日・祝]11:00～15:0017:30～21:00,～￥999,無,48席,無
分田上（わけたがみ）,八王子市下柚木321-1,八王子市,3.53,196,4907,11:00～17:00,11:00～17:00,～￥999,有,10席,有
たん担めん麺 炎真（タンタンメンメン エンシン）,葛飾区亀有3-26-1 リリオ館 1F,葛飾区,3.53,195,5145,【営業時間】【月、火、水】昼　11：00～15：45夜　17：00～21：00【木、金】昼　11：00～15：45夜　17：00～20：00【土日、祝日】11:00～21：30,【営業時間】【月、火、水】昼　11：00～15：45夜　17：00～21：00【木、金】昼　11：00～15：45夜　17：00～20：00【土日、祝日】11:00～21：30,～￥999,無,12席,無
鶏そば かぐら屋 西新宿店,新宿区西新宿7-16-10 西新宿ミカエラビル 1F,新宿区,3.53,193,5466,【月〜金 祝日】11:30〜26:00 (L.O)25:50                                                                 【日曜日】11:30〜24:00 (L.O23:50),【月〜金 祝日】11:30〜26:00 (L.O)25:50                                                                 【日曜日】11:30〜24:00 (L.O23:50),"￥1,000～￥1,999",無,18席,無
神楽坂家系ラーメン モンタナ（RAMEN MONTANA HOUSE）,新宿区神楽坂5-8 かぐら坂五丁目ビル 1F,新宿区,3.53,192,4542,[月・火・水・木・日]11:00～16:0017:00～23:00[金]11:00～16:0017:00～翌1:00[土]11:00～16:0017:00～24:00,[月・火・水・木・日]11:00～16:0017:00～23:00[金]11:00～16:0017:00～翌1:00[土]11:00～16:0017:00～24:00,～￥999,無,情報なし席,無
巓,江戸川区東葛西2-26-12,江戸川区,3.53,192,5999,,,"￥1,000～￥1,999",無,8席,無
横浜家系ラーメン 作田家（【旧店名】一本氣）,江戸川区西小岩1-29-6 １Ｆ,江戸川区,3.53,187,7929,[月～金]12:00～13:30 18:30～20:00[土・日・祝]12:00～13:30※麺・スープが無くなり次第終了,[月～金]12:00～13:30 18:30～20:00[土・日・祝]12:00～13:30※麺・スープが無くなり次第終了,～￥999,無,6席,無
らあめん こそっと,板橋区上板橋3-9-4,板橋区,3.53,185,5152,月曜火曜金曜　 11:00～14:30 18:00～21:00水曜木曜　11:00～14:30土曜日、日曜日、祝日 11:00～14:30 18:00～21:00,月曜火曜金曜　 11:00～14:30 18:00～21:00水曜木曜　11:00～14:30土曜日、日曜日、祝日 11:00～14:30 18:00～21:00,"￥1,000～￥1,999",無,11席,無
らあめん工房 じらい屋,品川区小山4-4-17 1F,品川区,3.53,185,7268,11:30～15:0017:30～21:00,11:30～15:0017:30～21:00,～￥999,無,8席,無
T'sたんたん エキュート上野店（ティーズタンタン）,台東区上野7-1-1 エキュート上野 3F,台東区,3.53,182,2818,［月～金］10:00～22:00(L.O.21:30)［土・日・祝］10:00～21:00(L.O.20:30),［月～金］10:00～22:00(L.O.21:30)［土・日・祝］10:00～21:00(L.O.20:30),～￥999,無,28席,無
めんさいぼう 五郎左,杉並区阿佐谷南1-14-12 パティオ エルスール 1F,杉並区,3.53,179,6705,[水・金]11:30～14:30[火・木]11:30～14:3018:00～20:30[土・日]11:30～15:30※完売のため、早めに終了する場合有り,[水・金]11:30～14:30[火・木]11:30～14:3018:00～20:30[土・日]11:30～15:30※完売のため、早めに終了する場合有り,～￥999,無,10席,無
麺家 宝（めんか たから）,西東京市南町4-3-9,西東京市,3.53,179,3643,,,～￥999,無,8席,無
サニー,西東京市ひばりが丘北3-2-5,西東京市,3.53,173,3182,11:30～15:00,11:30～15:00,～￥999,無,21席,無
栃尾 護国寺,文京区大塚5丁目40-6,文京区,3.53,173,6188,[月～金]11:00～14:30 17:00～19:30,[月～金]11:00～14:30 17:00～19:30,"￥1,000～￥1,999",無,12席,無
RaMen TOMO TOKYO（ラーメン トモ トウキョウ）,千代田区九段北1-9-2 エクセレントビル九段 1F,千代田区,3.53,170,6394,"11:30～15:0018:00～21:002月4,11,18,25日は休業日、3,10,12,16,17,23,24日はランチ営業のみになります。最新情報はInstagramを参照下さい。","11:30～15:0018:00～21:002月4,11,18,25日は休業日、3,10,12,16,17,23,24日はランチ営業のみになります。最新情報はInstagramを参照下さい。","￥1,000～￥1,999",無,12席,無
ちとせ,八王子市南新町8,八王子市,3.53,168,5500,[月～金・日・祝]11:00～20:00,[月～金・日・祝]11:00～20:00,～￥999,無,8席,無
麺たつ,豊島区西巣鴨1-4-4,豊島区,3.53,165,5882,,,～￥999,無,9席,無
麺屋 木ノ下,墨田区業平1-9-9,墨田区,3.53,165,3582,11:00～20:15(L.O),11:00～20:15(L.O),"￥1,000～￥1,999",無,16席,無
横浜家系らーめん 五十三家（イソミヤ）,練馬区栄町21-3,練馬区,3.53,164,2620,[月・火・金・土・日]11:00～15:0018:00～21:00,[月・火・金・土・日]11:00～15:0018:00～21:00,～￥999,無,7席,無
横浜家系ラーメン 裏大輝家 青物横丁店,品川区南品川5-4-5,品川区,3.53,164,3041,11:00～15:00 17:00～23:00,11:00～15:00 17:00～23:00,～￥999,無,16席,無
横浜ラーメン 武蔵家 御茶ノ水店,千代田区神田駿河台1-8-4,千代田区,3.53,164,3570,,,～￥999,無,14席,無
鳥めし 鳥藤 豊洲市場（とりとう）,江東区豊洲6-5-1 豊洲市場 水産仲卸棟 6街区 3F,江東区,3.53,163,15866,[月～土]7:00～14:00,[月～土]7:00～14:00,"￥1,000～￥1,999",情報なし,情報なし席,情報なし
ラーメン慶次郎 本店,板橋区本町14-14,板橋区,3.53,159,4897,[月・水・木・金］11:30～14:3017:30～23:00[土]11:30～15:0017:30～23:00[日・祝]11:30～15:0017:00～22:00,[月・水・木・金］11:30～14:3017:30～23:00[土]11:30～15:0017:30～23:00[日・祝]11:30～15:0017:00～22:00,～￥999,無,10席,無
なにや,小平市学園西町1-26-25,小平市,3.53,157,4075,11:30～14:30,11:30～14:30,"￥1,000～￥1,999",有,14席,有
桔梗と空,足立区西新井栄町1-12-8,足立区,3.53,155,3648,【月～土】午前の部 11:00～14:00午後の部 18:00～21:00(スープ切れ次第終了)【日・祝日】11:00～16:00(スープ切れ次第終了),【月～土】午前の部 11:00～14:00午後の部 18:00～21:00(スープ切れ次第終了)【日・祝日】11:00～16:00(スープ切れ次第終了),～￥999,無,8席,無
稲城 大勝軒 五一,稲城市大丸515-3,稲城市,3.53,154,2648,,,"￥1,000～￥1,999",有,20席,有
麺屋 周郷 神田店,千代田区内神田2-9‐11,千代田区,3.53,150,3322,[月～金]11:00～15:00(L.O.14:30)17:00～21:00(L.O.20:30)[土]11:00～15:00(L.O.14:30),[月～金]11:00～15:00(L.O.14:30)17:00～21:00(L.O.20:30)[土]11:00～15:00(L.O.14:30),"￥1,000～￥1,999",無,8席,無
焼鳥 トリビアン,台東区浅草3-35-12,台東区,3.53,144,20674,"平日 17:30〜22:30(L.O.21:30)土日祝 17:00〜22:00 (L.O.21:00)※土曜のみ2部制1部:17:00〜19:00 or 17:30〜19:30 (コース,アラカルトどちらも可)2部:19:00〜22:00 or 19:30〜22:00(コースのみ)","平日 17:30〜22:30(L.O.21:30)土日祝 17:00〜22:00 (L.O.21:00)※土曜のみ2部制1部:17:00〜19:00 or 17:30〜19:30 (コース,アラカルトどちらも可)2部:19:00〜22:00 or 19:30〜22:00(コースのみ)","￥8,000～￥9,999",無,16席,無
ウミのチカラ,台東区台東1-32-6,台東区,3.53,139,4627,[月・火・水・木・最終土]11:00～15:00[金・土]11:00～15:0017:00～19:00,[月・火・水・木・最終土]11:00～15:00[金・土]11:00～15:0017:00～19:00,"￥1,000～￥1,999",無,情報なし席,無
French Noodle Factory（フレンチヌードルファクトリー）,文京区春日1-1-1 東京ドームLaQua DELI&DISH,文京区,3.53,136,2539,11:00 ～ 22:30（L.O22:00）,11:00 ～ 22:30（L.O22:00）,"￥1,000～￥1,999",有,25席,有
栄来軒,台東区北上野2-2-4,台東区,3.53,128,12978,12:00～14:0017:00～20:30,12:00～14:0017:00～20:30,"￥1,000～￥1,999",無,36席,無
田無 大勝軒,西東京市田無町4-25-1 磯野ビル 1F,西東京市,3.53,115,2109,[火～日]11:00～20:00※スープが無くなり次第終了,[火～日]11:00～20:00※スープが無くなり次第終了,"￥1,000～￥1,999",無,12席,無
横浜家系ラーメン みさきや,町田市金森東3-14-15,町田市,3.53,109,2071,[火～土]11:30～14:45(L.O.) 18:00～20:30(L.O.)[日]11:30～14:45(L.O.),[火～土]11:30～14:45(L.O.) 18:00～20:30(L.O.)[日]11:30～14:45(L.O.),～￥999,有,16席,有
麺処 竹川（メンドコロ タケカワ）,渋谷区円山町7-2,渋谷区,3.53,108,10303,ランチ営業11:30〜14:30（ラストオーダー14:00）月曜定休日,ランチ営業11:30〜14:30（ラストオーダー14:00）月曜定休日,～￥999,無,22席,無
Blood Moon Tokyo design noodles（ぶらっど むーん とうきょう でざいん ぬーどる）,港区新橋1-17-6 ASK新橋 1F,港区,3.53,108,3453,［月～金］11:30～16:0017:00～23:30（L.O.23:00）［土］11:30～15:00,［月～金］11:30～16:0017:00～23:30（L.O.23:00）［土］11:30～15:00,～￥999,無,8席,無
らーめん うち田,杉並区高円寺南4-4-12 アルページュ 1F,杉並区,3.53,93,2575,,,"￥1,000～￥1,999",無,9席,無
明星飯店,品川区小山4-3-10,品川区,3.53,84,4097,11:30～14:0017:30～21:00（日曜日除く）,11:30～14:0017:30～21:00（日曜日除く）,"￥1,000～￥1,999",無,17席,無
彩とり（AYATORI）,足立区関原2-48-14,足立区,3.53,83,1486,9:00～16:00（L.O.15:50）,9:00～16:00（L.O.15:50）,～￥999,無,8席,無
麺好獅子團,千代田区神田小川町1-7 神田小川町ハイツ,千代田区,3.53,66,1655,[月～金]11:30～15:0018:00～20:00[土・祝]11:30～15:00,[月～金]11:30～15:0018:00～20:00[土・祝]11:30～15:00,"￥1,000～￥1,999",無,7席,無
麺匠 竹虎 本店（めんしょう たけとら）,新宿区歌舞伎町2-36-3 新宿アシベ会館,新宿区,3.52,998,35370,11:00～翌9:00（8：30Ｌ.Ｏ）毎週日曜日11：00～翌5：30（5：00L.O）UberEats11:00~深夜1：00出前館11：00～21：00menu11:00～翌5：00,11:00～翌9:00（8：30Ｌ.Ｏ）毎週日曜日11：00～翌5：30（5：00L.O）UberEats11:00~深夜1：00出前館11：00～21：00menu11:00～翌5：00,"￥1,000～￥1,999",無,26席,無
唐そば（とうそば）,渋谷区渋谷2-22-6 三信ビル,渋谷区,3.52,563,16215,,,～￥999,無,30席,無
若葉（わかば）,中央区築地4-9-11,中央区,3.52,526,16404,［月・火・木・金・土］6:30～13:30［水・日］7:30～12:00,［月・火・木・金・土］6:30～13:30［水・日］7:30～12:00,～￥999,無,3席,無
蔵前元楽総本店,台東区蔵前2-12-3,台東区,3.52,508,17349,[月～金]11:00～21:00[土・日・祝]11:00～20:00,[月～金]11:00～21:00[土・日・祝]11:00～20:00,"￥1,000～￥1,999",無,27席,無
天府舫（テンフファン）,新宿区西新宿7-4-9 盛和ビル 1F,新宿区,3.52,457,38054,11:30～15:00（L.O.14:30)17:00～23:00（L.O.22:00）,11:30～15:00（L.O.14:30)17:00～23:00（L.O.22:00）,"￥3,000～￥3,999",無,32席,無
中華料理 七面鳥,杉並区高円寺南4-4-15,杉並区,3.52,432,27529,11:30～14:0017:30～19:00(L.O.),11:30～14:0017:30～19:00(L.O.),～￥999,無,28席,無
焼きあご塩らー麺 たかはし 歌舞伎町店,新宿区歌舞伎町1-19-3 歌舞伎町商店街振興組合ビル 1F,新宿区,3.52,429,8365,全日　11:00-翌9:00（LO 8:50）,全日　11:00-翌9:00（LO 8:50）,"￥1,000～￥1,999",無,27席,無
蝋燭屋 表参道ヒルズ店（SHIBIRE NOODLES 蝋燭屋）,渋谷区神宮前4-12-10 表参道ヒルズ 3F,渋谷区,3.52,422,12655,11:00～23:00（sun～22:00） ラストオーダー 22:00（sun 21:00）※祝日も日曜と同じく22時前に閉店してた事あり,11:00～23:00（sun～22:00） ラストオーダー 22:00（sun 21:00）※祝日も日曜と同じく22時前に閉店してた事あり,"￥1,000～￥1,999",有,情報なし席,有
麺屋 一楽,千代田区富士見2-3-14,千代田区,3.52,420,9839,［月～金］11:00～24:00［土］11:00～20:00「日」11:00〜18:00 [祝]  11:00~20：00,［月～金］11:00～24:00［土］11:00～20:00「日」11:00〜18:00 [祝]  11:00~20：00,～￥999,無,7席,無
まぜそば 三ツ星,渋谷区恵比寿西1-13-2 サンキビル 1F,渋谷区,3.52,415,27860,緊急事態宣言中は以下の営業時間とさせて頂きます。[ 火～金]11:30〜20:00[月.土.日.祝日]11:30〜15:30麺がなくなりしだい終了することがございます。,緊急事態宣言中は以下の営業時間とさせて頂きます。[ 火～金]11:30〜20:00[月.土.日.祝日]11:30〜15:30麺がなくなりしだい終了することがございます。,"￥1,000～￥1,999",無,7席,無
町田商店 本店（まちだしょうてん）,町田市森野1-34-13 ＴＭビル３,町田市,3.52,411,8313,営業時間・休業日は変更となる場合がございますので、HPにて最新情報をご確認ください,営業時間・休業日は変更となる場合がございますので、HPにて最新情報をご確認ください,～￥999,有,17席,有
たけくま,港区赤坂2-15-18 西山興業赤坂ビル　１Ｆ,港区,3.52,401,28007,[月～金]ランチ　　　　11:30～14:30（ラストオーダー14：00）ディナー　　　17:30～22:00（ラストオーダー21：00）[土]ランチ　　　　11:30～14:30（ラストオーダー14：00）ディナー　　　17:30～21:00（ラストオーダー20：00）,[月～金]ランチ　　　　11:30～14:30（ラストオーダー14：00）ディナー　　　17:30～22:00（ラストオーダー21：00）[土]ランチ　　　　11:30～14:30（ラストオーダー14：00）ディナー　　　17:30～21:00（ラストオーダー20：00）,"￥3,000～￥3,999",有,26席,有
東京 鶏白湯ラーメン ゆきかげ 浅草本店,台東区浅草1-2-12 1F,台東区,3.52,388,20647,11:00～15:00(14:30L.O)17:00〜23:30(23:00L.O)※12/31～1/3にかけては、特別営業時間となります。お電話でご確認くださいませ。また、一部価格を変更して営業しております12/31→11-15時・17時-27時1/1-1/3→11-15時・17時-24時※スープ無くなり次第終了臨時休業の情報は、GoogleやInstagramでご確認ください。,11:00～15:00(14:30L.O)17:00〜23:30(23:00L.O)※12/31～1/3にかけては、特別営業時間となります。お電話でご確認くださいませ。また、一部価格を変更して営業しております12/31→11-15時・17時-27時1/1-1/3→11-15時・17時-24時※スープ無くなり次第終了臨時休業の情報は、GoogleやInstagramでご確認ください。,"￥1,000～￥1,999",無,29席,無
道玄（どうげん）,新宿区高田馬場4-10-14 IMAビル　1Ｆ,新宿区,3.52,384,18493,【月〜金】11:30～22:30【土・日・祝】11:30〜21:00(L.O20:30),【月〜金】11:30～22:30【土・日・祝】11:30〜21:00(L.O20:30),"￥1,000～￥1,999",無,15席,無
味噌が一番,中野区中野5-65-11 筑紫ビル　B1F,中野区,3.52,378,10713,11：00-24：00（L.O24:00）,11：00-24：00（L.O24:00）,"￥1,000～￥1,999",無,20席,無
四川小吃 雲辣坊（シセンシャオチー ウンラーファン）,港区赤坂3-18-8 エムプレスビル 1Ｆ,港区,3.52,368,15714,[月～金]11:30～15:00(14:30最終入店）18:00～22:30(L.O21:30)[土]11:30～15:00（14:30最終入店）17:30～22:00(L.O21:00)※祝日はお休みですコスト削減の為、ノーゲスト等の場合閉店時間を早める場合があります,[月～金]11:30～15:00(14:30最終入店）18:00～22:30(L.O21:30)[土]11:30～15:00（14:30最終入店）17:30～22:00(L.O21:00)※祝日はお休みですコスト削減の為、ノーゲスト等の場合閉店時間を早める場合があります,"￥3,000～￥3,999",無,28席,無
らぁ麺 さわ田,武蔵野市吉祥寺南町1-1-4 三河屋ビル 1F,武蔵野市,3.52,313,8099,通常時営業時間11:00～23:00金・土のみ25:00まで営業,通常時営業時間11:00～23:00金・土のみ25:00まで営業,～￥999,無,8席,無
爆龍（ハゼリュウ）,品川区小山4-8-5,品川区,3.52,307,10410,【平日】11：30～15：3017：30～21：00【土・日・祝】11：30～15：3017：00〜20：00※入店は各閉店時間の30分前までです,【平日】11：30～15：3017：30～21：00【土・日・祝】11：30～15：3017：00〜20：00※入店は各閉店時間の30分前までです,"￥1,000～￥1,999",無,10席,無
鳥料理 有明（とりりょうりありあけ）,江東区富岡1-14-19 向殿ビル　１Ｆ,江東区,3.52,304,31057,月～金 17:00～　最終入店19:30      土 16:00～　最終入店18:30ランチ月〜金 11:30〜12:30売り切れ終い有りテイクアウト月〜土 16:00〜18:30自粛期間中は変更の場合あり,月～金 17:00～　最終入店19:30      土 16:00～　最終入店18:30ランチ月〜金 11:30〜12:30売り切れ終い有りテイクアウト月〜土 16:00〜18:30自粛期間中は変更の場合あり,"￥5,000～￥5,999",無,25席,無
中華そば 三浦,中央区日本橋小網町13-8,中央区,3.52,276,8761,,,"￥1,000～￥1,999",無,28席,無
かいざん 新小岩店,葛飾区新小岩2-1-26,葛飾区,3.52,275,5383,9:00～24:30,9:00～24:30,"￥1,000～￥1,999",無,情報なし席,無
汁麺屋 胡座（あぐら）,墨田区両国4-35-1 タカシマ三共フラット 1F,墨田区,3.52,263,8754,[月・火・木・金]11:30～15:3018:30～22:00(LO 21:30)[土・祝]12:00～15:3018:30～22:00(LO 21:30)[日]12:00～15:30,[月・火・木・金]11:30～15:3018:30～22:00(LO 21:30)[土・祝]12:00～15:3018:30～22:00(LO 21:30)[日]12:00～15:30,"￥1,000～￥1,999",無,12席,無
田中そば店 蒲田店,大田区蒲田5-15-2 チェリオビル 1F,大田区,3.52,252,5524,［月～金］11:00～15:0017:00～22:00［土・日・祝］11:00～21:00,［月～金］11:00～15:0017:00～22:00［土・日・祝］11:00～21:00,～￥999,無,28席,無
神勢。,文京区本郷3-39-9,文京区,3.52,244,5546,[平日] 11:30～22:00(L.O)[土・日・祝] 11:30～15:30（L.O）,[平日] 11:30～22:00(L.O)[土・日・祝] 11:30～15:30（L.O）,"￥1,000～￥1,999",無,14席,無
麺匠 克味（カツミ）,新宿区住吉町8-10 ライオンズマンション市ヶ谷 １Ｆ,新宿区,3.52,244,5706,11:00～14:3015:30～24:00（L.O.23:30),11:00～14:3015:30～24:00（L.O.23:30),～￥999,無,18席,無
忍八（にんぱち）,港区浜松町1-27-4 佐々木ビル １Ｆ・２Ｆ,港区,3.52,242,7365,,,～￥999,無,17席,無
鶏そば・ラーメン Tonari,渋谷区円山町14-3 日興パレスビル渋谷 1F,渋谷区,3.52,237,15134,Open 12:00Close 21:00※スープ無くなり次第終了,Open 12:00Close 21:00※スープ無くなり次第終了,"￥2,000～￥2,999",無,8席,無
ラーメン一番（いちばん）,練馬区小竹町2-74-8,練馬区,3.52,233,9760,18:30～翌3:00,18:30～翌3:00,"￥1,000～￥1,999",無,10席,無
エニシスタンド 御徒町店,台東区上野3-27-12 御徒町吉池本店ビル 8F,台東区,3.52,224,11479,[月〜金］11:00～15:0017:00〜21:00　[土・日・祝］11:00～15:0017:00〜21:00,[月〜金］11:00～15:0017:00〜21:00　[土・日・祝］11:00～15:0017:00〜21:00,～￥999,無,25席,無
池谷精肉店（いけやせいにくてん）,あきる野市秋川1-2-5,あきる野市,3.52,219,4499,[月～金]11:40～14:50(L.O) 18:00～19:50(L.O)[土]11:40～19:50(L.O),[月～金]11:40～14:50(L.O) 18:00～19:50(L.O)[土]11:40～19:50(L.O),"￥1,000～￥1,999",有,13席,有
よかろう 日比谷店（よかろう）,千代田区内幸町2-1-1 飯野ビル B1F,千代田区,3.52,216,5745,［月～金］11:00～21:00［土］11:00～14:00,［月～金］11:00～21:00［土］11:00～14:00,"￥1,000～￥1,999",無,29席,無
極ジョー（ゴクジョー）,立川市柴崎町3-6-29 アレアレア2 3F,立川市,3.52,215,3361,［月～土］11:00～23:00(L.O.22:30)［日］11:00～22:00(L.O.21:30),［月～土］11:00～23:00(L.O.22:30)［日］11:00～22:00(L.O.21:30),～￥999,有,32席,有
支那麺 はしご 新小岩店（しなめんはしご）,葛飾区新小岩1-50-10,葛飾区,3.52,210,5081,11:30～15:00(L.O.14:45) 17:30～21:00(L.O.20:40),11:30～15:00(L.O.14:45) 17:30～21:00(L.O.20:40),～￥999,無,27席,無
特麺コツ一丁ラーメン（とくめんこついっちょうらーめん）,渋谷区幡ケ谷1-5-7 清水ビル 1F,渋谷区,3.52,209,9197,,,～￥999,無,11席,無
インディアン 池上店,大田区池上6-5-11,大田区,3.52,207,7287,11:00～20:15,11:00～20:15,"￥1,000～￥1,999",無,11席,無
麺舗 十六（メンポジュウロク）,豊島区池袋3-6-8 第１京花荘 1F,豊島区,3.52,206,7087,［月曜］11:00〜14:00（L.O.）［火～金］11:00〜14:00（L.O.）17:30〜21:00（L.O.）［土曜］11:00〜15:00（L.O.）,［月曜］11:00〜14:00（L.O.）［火～金］11:00〜14:00（L.O.）17:30〜21:00（L.O.）［土曜］11:00〜15:00（L.O.）,"￥1,000～￥1,999",無,8席,無
麺食堂 一真亭,台東区東上野3-5-8 野島ビル 1F,台東区,3.52,201,7888,,,"￥1,000～￥1,999",無,13席,無
中華そば 丸信,杉並区上荻1-24-22,杉並区,3.52,194,7485,[月・火・木・金]11:00～17:00[土・祝]11:00～15:00,[月・火・木・金]11:00～17:00[土・祝]11:00～15:00,～￥999,無,17席,無
再来軒,世田谷区用賀4-30-1,世田谷区,3.52,192,8433,11:30～14:00,11:30～14:00,～￥999,無,7席,無
桃天花,荒川区東日暮里3-37-11,荒川区,3.52,192,5165,[月・水・金]11:00～14:30 18:00～21:00[火・木・土]11:00～14:30,[月・水・金]11:00～14:30 18:00～21:00[火・木・土]11:00～14:30,～￥999,無,33席,無
らぁ麺 吉井,中央区勝どき1-7-1 勝どきサンスクェア 2F,中央区,3.52,191,4598,※平日【昼の部】11:30～15:00【夜の部】17:00〜22:00lastorder21:45※土曜日11:30〜22:00last order21:45※日曜日、祝日11:30〜21:00last order20:45,※平日【昼の部】11:30～15:00【夜の部】17:00〜22:00lastorder21:45※土曜日11:30〜22:00last order21:45※日曜日、祝日11:30〜21:00last order20:45,～￥999,無,9席,無
らぁ麺 貝と煮干し、時々濃厚,千代田区大手町1-6-1 大手町ビル B2F,千代田区,3.52,189,4198,11:00～22:00,11:00～22:00,"￥1,000～￥1,999",無,16席,無
東池袋 大勝軒 八王子店,八王子市東町1-18,八王子市,3.52,187,3426,11:00～14:30(L.O.14:20) 17:00～20:30,11:00～14:30(L.O.14:20) 17:00～20:30,～￥999,無,20席,無
つけそば屋 麺楽（めんらく）,青梅市野上町2-3-8,青梅市,3.52,180,5672,通常営業時↓[火～金]11:30～14:30、17:00～20:00[土・日・祝]11:30～17:002021年4月現在、通常営業中。店主,通常営業時↓[火～金]11:30～14:30、17:00～20:00[土・日・祝]11:30～17:002021年4月現在、通常営業中。店主,～￥999,有,18席,有
阿佐谷ホープ軒（あさがやほーぷけん）,杉並区阿佐谷南2-17-5,杉並区,3.52,179,4727,11:30〜15:30、17:30～21:00,11:30〜15:30、17:30～21:00,～￥999,無,12席,無
鵺（NUE NOODLE DINING）,中野区中野5-36-14,中野区,3.52,169,7413,［水曜～土曜］11：30 ～ 14：3018：00〜23：30（ラストオーダー23：00）［日曜・祝日］11：30 ～ 14：30（ランチのみ）,［水曜～土曜］11：30 ～ 14：3018：00〜23：30（ラストオーダー23：00）［日曜・祝日］11：30 ～ 14：30（ランチのみ）,～￥999,無,8席,無
ハナイロモ麺,武蔵野市吉祥寺本町1-31-4 日得ビル1F,武蔵野市,3.52,169,4606,11:00～15:00(L.O.14:30)17:00～20:00(L.O.19:30),11:00～15:00(L.O.14:30)17:00～20:00(L.O.19:30),～￥999,無,情報なし席,無
かみの屋,足立区西綾瀬2-7-9,足立区,3.52,160,3912,[月・火・金]11:00～15:00[土・日・祝]11:00～15:0017:00～21:00,[月・火・金]11:00～15:00[土・日・祝]11:00～15:0017:00～21:00,～￥999,無,20席,無
らーめんこうすけ,練馬区東大泉3-2-7,練馬区,3.52,159,4117,,,～￥999,無,11席,無
煮干しそば 虎空,八王子市大塚1498-1,八王子市,3.52,155,3504,［月・水・木・金］11:00～16:0018:00～22:00［土・日・祝］11:00～22:00,［月・水・木・金］11:00～16:0018:00～22:00［土・日・祝］11:00～22:00,～￥999,有,10席,有
ラーメン荘 歴史を刻め 世田谷,世田谷区砧3-5-2 勝吉ビル 1F,世田谷区,3.52,147,5486,［月～土］11:00～15:0018:00～22:00,［月～土］11:00～15:0018:00～22:00,"￥1,000～￥1,999",無,11席,無
さっぽろラーメン 桑名 常盤台店,板橋区常盤台1-46-4 浜ビル 1F,板橋区,3.52,146,10808,11:30～20:00(スープがなくなり次第終了),11:30～20:00(スープがなくなり次第終了),～￥999,無,18席,無
旭川塩らーめん すがわら 人形町店,中央区日本橋人形町3-3-2,中央区,3.52,146,3990,[月～金]11:00～22:00(L.O.21:45)[土・日・祝]11:00～20:00(L.O.19:45),[月～金]11:00～22:00(L.O.21:45)[土・日・祝]11:00～20:00(L.O.19:45),～￥999,無,12席,無
ラーメン ぶぅさん,品川区戸越5-15-1,品川区,3.52,146,3962,,,～￥999,無,19席,無
一陽来福（いちようらいふく）,八王子市楢原町472-1,八王子市,3.52,143,2739,,,～￥999,有,17席,有
らーめん 尾又家,八王子市明神町4-7-2 内藤落合ビル 1F,八王子市,3.52,141,2195,[月～日]11:00～24:00,[月～日]11:00～24:00,"￥1,000～￥1,999",無,12席,無
銀座らぁ麺 しら石,中央区銀座8-6-8 銀座片桐ビルⅣ 1F,中央区,3.52,141,3946,[月～金]11:30～翌6:00,[月～金]11:30～翌6:00,"￥1,000～￥1,999",無,10席,無
麺屋 まるいち,台東区浅草2-22-10 1F,台東区,3.52,136,5157,2023/6月現在※※※※※※※※※※※・平日11:30~15:00（14:45 L.O.）17:00~21:00（20:45 L.O.）・土日祝11:30~21:00（20:45 L.O.）※土日祝日は通し営業※※※※※※※※※※※【 定休日 】 なし,2023/6月現在※※※※※※※※※※※・平日11:30~15:00（14:45 L.O.）17:00~21:00（20:45 L.O.）・土日祝11:30~21:00（20:45 L.O.）※土日祝日は通し営業※※※※※※※※※※※【 定休日 】 なし,～￥999,無,12席,無
麺場 七人の侍（めんば しちにんのさむらい）,豊島区東池袋2-57-2,豊島区,3.52,136,5193,11:00～14:00,11:00～14:00,～￥999,無,12席,無
かつぎや,千代田区神田小川町3-11-2 インペリアルお茶の水103,千代田区,3.52,135,8776,［月～金］11:00～14:0018:00～22:00(L.O 21:00)ドリンク21:45しばらくの間水曜日11:00〜14:00の昼のみ,［月～金］11:00～14:0018:00～22:00(L.O 21:00)ドリンク21:45しばらくの間水曜日11:00〜14:00の昼のみ,"￥2,000～￥2,999",無,22席,無
喜奴屋（きどや）,立川市一番町5-5-2,立川市,3.52,131,2553,,,～￥999,有,7席,有
中華そば 仙道,中野区中野3-33-15 KHTビル 1F,中野区,3.52,125,2430,11:30～23:00(L.O.22:30),11:30～23:00(L.O.22:30),"￥1,000～￥1,999",無,情報なし席,無
江戸麺 GOODLE（グードル）,新宿区高田馬場4-13-13,新宿区,3.52,122,2782,11:30～15:0017:00～22:30,11:30～15:0017:00～22:30,"￥1,000～￥1,999",無,7席,無
中華そば はし本,中央区日本橋人形町1-12-11,中央区,3.52,121,2762,[月～金]11:00～14:30 17:00～21:30[土]11:00～17:00,[月～金]11:00～14:30 17:00～21:30[土]11:00～17:00,"￥1,000～￥1,999",無,11席,無
麺屋鳳,足立区栗原1-6-22,足立区,3.52,118,5343,18:30～21:30持ち帰りは23:00まで,18:30～21:30持ち帰りは23:00まで,"￥1,000～￥1,999",無,情報なし席,無
らーめん 味噌ガッツ,葛飾区宝町2-36-15 フラワティーハウス1F,葛飾区,3.52,115,2310,[火～土]11:30～14:30 17:00～22:20[日・祝]11:30～14:30 17:00～20:30,[火～土]11:30～14:30 17:00～22:20[日・祝]11:30～14:30 17:00～20:30,～￥999,無,13席,無
だし麺屋 ナミノアヤ 上野毛本店,世田谷区上野毛4-39-12 1F,世田谷区,3.52,114,6995,11:00～15:00(L.O.14:30)17:00～21:00(L.O.20:30)※スープなくなり次第終了,11:00～15:00(L.O.14:30)17:00～21:00(L.O.20:30)※スープなくなり次第終了,"￥1,000～￥1,999",無,15席,無
横浜家系 まるに家,八王子市寺町49-3 NK第2ビル 1F,八王子市,3.52,113,3566,,,～￥999,無,9席,無
ラーメン 他力也,小金井市梶野町5-5-7,小金井市,3.52,106,2825,［月～金］11:30～14:3018:00～21:00［土］11:30～14:30,［月～金］11:30～14:3018:00～21:00［土］11:30～14:30,～￥999,無,9席,無
麺笑 立川店（MENSHOW）,立川市柴崎町3-6-29 アレアレア2 ラーメンスクエア,立川市,3.52,104,1484,[月・火・水・木・金・土]11:00～23:00[日]10:30～22:00,[月・火・水・木・金・土]11:00～23:00[日]10:30～22:00,"￥1,000～￥1,999",無,32席,無
ラーメンショップ 堀切店,葛飾区堀切7-3-1,葛飾区,3.52,100,2335,平日7:00～14:30（L.O14:20）土曜日10:00〜14:30（L.O14:20）,平日7:00～14:30（L.O14:20）土曜日10:00〜14:30（L.O14:20）,～￥999,有,8席,有
大浜（【旧店名】自家製麺 鶏八朗）,北区上十条1-19-7,北区,3.52,98,4427,［月・火・土］11:30～14:30［水・金］11:30～14:30 18:00～21:00,［月・火・土］11:30～14:30［水・金］11:30～14:30 18:00～21:00,～￥999,無,8席,無
花秀,千代田区神田小川町3-22 小川町細野ビル 1F,千代田区,3.52,97,2268,［月〜金］昼11時～15時(L.O14時30分)　夜17時～21時(L.O20時30分)　［土］11時～17時(L.O16時30分),［月〜金］昼11時～15時(L.O14時30分)　夜17時～21時(L.O20時30分)　［土］11時～17時(L.O16時30分),"￥1,000～￥1,999",無,13席,無
らーめん とうかんや,江戸川区西一之江1-12-7,江戸川区,3.52,90,3401,[月～金] ※第2・4・5月曜日除く11:00～14:3018:00～売り切れ次第終了[土・祝]11:00～15:00(売り切れ次第終了)緊急事態宣言中は夜の営業休止の場合あり営業日時変更の場合はSNSにて告知,[月～金] ※第2・4・5月曜日除く11:00～14:3018:00～売り切れ次第終了[土・祝]11:00～15:00(売り切れ次第終了)緊急事態宣言中は夜の営業休止の場合あり営業日時変更の場合はSNSにて告知,～￥999,無,情報なし席,無
つけ麺 一滴,葛飾区東金町1-11-4,葛飾区,3.52,88,2363,[月・火・木・金・土]11:00～14:30 17:30～21:00[日]11:00～15:00,[月・火・木・金・土]11:00～14:30 17:30～21:00[日]11:00～15:00,"￥1,000～￥1,999",無,8席,無
榮林 神楽坂店,新宿区袋町3-6 神楽坂センタービルANNEX 2F,新宿区,3.52,87,7804,□ 11:30～14:00(L.O.) 14:30(Close)■ 17:30～21:00(L.I.) 22:00(L.O.)※ディナーはコースのみの営業です。【2月の月曜日定休のお知らせ】・2月(12日、26日),□ 11:30～14:00(L.O.) 14:30(Close)■ 17:30～21:00(L.I.) 22:00(L.O.)※ディナーはコースのみの営業です。【2月の月曜日定休のお知らせ】・2月(12日、26日),"￥10,000～￥14,999",無,34席,無
麺や 谷口,西東京市ひばりヶ丘北3-3-22 エトワールビル 1F,西東京市,3.52,84,1596,11:00～15:0017:00～21:00,11:00～15:0017:00～21:00,～￥999,無,9席,無
招来川菜館（招来菜館 ショウライセンサイカン）,小平市学園東町1-4-28,小平市,3.52,77,1971,[月～土・日・祝日]11:30～15:00 (L.O.14:30)17:00～21:45 (L.O.21:00),[月～土・日・祝日]11:30～15:00 (L.O.14:30)17:00～21:45 (L.O.21:00),"￥4,000～￥4,999",有,140席,有
川国風味小林（カワコクフウミコバヤシ）,世田谷区南烏山3-23-7 芦花パークヒル３　１０１,世田谷区,3.52,66,3648,12:00～1500(L.O.14:00) 木曜午前休み18:00～2300(L.O.22:00),12:00～1500(L.O.14:00) 木曜午前休み18:00～2300(L.O.22:00),"￥10,000～￥14,999",無,20席,無
創始 麺屋武蔵（そうし めんやむさし）,新宿区西新宿7-2-6 Ｋ１ビル　１Ｆ,新宿区,3.51,1551,29627,11:00～22:30(L.O.22:30),11:00～22:30(L.O.22:30),"￥1,000～￥1,999",無,19席,無